time,user,text
1/29/2020 4:07,511NY,Incident on #RonkonkomaBranch EB at New York Penn Station
1/29/2020 4:07,511NY,Construction on #HollandTunnel EB from New Jersey Side - South Tube to New York Side - South Tube
1/29/2020 4:07,511NY,Closure on #GeorgeWashingtonBridge WB from New York Side/Lower Level to New Jersey Side/Lower Level
1/29/2020 4:06,511NY,Cleared: Incident on #NY22A Both directions at CR 20
1/29/2020 4:04,511NY,Incident on #5Line from 42nd Street-Grand Central Station to 125th Street Station
1/29/2020 4:04,511NY,Incident on #4Line BothDir/BothDir from 42nd Street-Grand Central Station to 125th Street Station
1/29/2020 4:02,511NYC,Construction on #I278 WB at Queens-Kings County Line; Koskuisko Bridge
1/29/2020 4:02,511NYC,Incident on #I678 SB at Exit 5 - 101st Avenue
1/29/2020 4:02,511NY,Cleared: Construction on #PortJersey
1/29/2020 4:01,511NY,Updated: Special Event on #RadioCityMusicHall
1/29/2020 4:01,511NY,Updated: Construction on #PortJersey
1/29/2020 3:58,511nyLongIsland,Construction on #LongBeachBranch WB from Long Beach Station to New York Penn Station
1/29/2020 3:58,511NY,Cleared: Special Event on #RadioCityMusicHall
1/29/2020 3:58,511NY,Construction on #LongBeachBranch WB from Long Beach Station to New York Penn Station
1/29/2020 3:53,511NY,Incident on #GladstoneBranch WB at Far Hills/Bedminster Station
1/29/2020 3:52,511NY,Construction on #NewJerseyTurnpike SB from South of Interchange 6 - Pennsylvania Turnpike to Inner and
1/29/2020 3:52,511NY,Cleared: Incident on #NewJerseyTurnpike at Interchange 13 - I-278/Goethals Bridge
1/29/2020 3:50,511NYC,Updated: Closure on #GeorgeWashingtonBridge WB from Lower Trans Manhattan Expressway to New York Side/Lower Level
1/29/2020 3:46,511NYC,Incident on #I278 WB at Wythe Avenue
1/29/2020 3:45,511NY,Updated: Incident on #ValleyLine at Bound Brook Station
1/29/2020 3:45,511NY,Construction on #ThrogsNeckBridge SB at Queens Bound
1/29/2020 3:45,511NY,Updated: Incident on #RaritanLine at Bound Brook Station
1/29/2020 3:43,511NY,Construction on #I678 SB at Linden Place; I-678
1/29/2020 3:43,511NYC,Construction on #I678 SB at Linden Place; I-678
1/29/2020 3:42,511NY,Construction on #GardenStateParkway SB from Exit 117 - NJ 36 to South of Exit 117 - NJ 36
1/29/2020 3:42,511NYC,Closure on #BatteryParkUnderpass Both directions from FDR Drive to NY 9A/West Street
1/29/2020 3:40,511nyG,Updated: Incident on #GLine at Carroll Street Station
1/29/2020 3:40,511nyBDFV,Updated: Incident on #FLine NB at Carroll Street Station
1/29/2020 3:40,511NY,Incident on #GeorgeWashingtonBridge EB at New Jersey Side/Upper Level Toll Plaza
1/29/2020 3:40,511NY,Updated: Incident on #GLine at Carroll Street Station
1/29/2020 3:40,511NYC,Updated: Incident on #FLine NB at Carroll Street Station
1/29/2020 3:39,511NY,Construction on #I91S SB at Exit 8 (RTE 17)
1/29/2020 3:39,511NY,Cleared: Incident on #S8N NB at 0.59 miles beyond Exit 2 (LAFAYETTE SQ)
1/29/2020 3:39,511NY,Construction on #NJ35 SB at 6th Av
1/29/2020 3:39,511nyLongIsland,Incident on #BabylonBranch EB at Babylon Station
1/29/2020 3:39,511NY,Incident on #BabylonBranch EB at Babylon Station
1/29/2020 3:37,511NY,Updated: Incident on #WassaicBranch Both directions from Harlem Valley-Wingdale Station to Hawthorne
1/29/2020 3:37,511NY,Construction on #US206 Both directions at I-195
1/29/2020 3:37,511NYMidHudson,Updated: Incident on #WassaicBranch Both directions from Harlem Valley-Wingdale Station to Hawthorne
1/29/2020 3:36,511NY,Construction on #US130 NB at South of CR 543/Beverly Rd
1/29/2020 3:35,511NY,Updated: Construction on #I87NYSThruway NB from Before Exit 6A (I-87) - Ridge Hill Corporate Dr to After
1/29/2020 3:35,511NYMidHudson,Updated: Construction on #I87NYSThruway NB from Before Exit 6A (I-87) - Ridge Hill Corporate Dr to After
1/29/2020 3:34,511nyLongIsland,Construction on #MontaukBranch Both directions from Babylon Station to Montauk Station
1/29/2020 3:32,511NYC,Construction on #FranklinDRooseveltDrive NB at Exit 9 - East 42nd Street
1/29/2020 3:32,511NY,Cleared: Incident on #I87Northway NB at Twin Bridges; Town of Halfmoon; Town of Colonie Line
1/29/2020 3:32,511NY,Construction on #FranklinDRooseveltDrive NB at Exit 9 - East 42nd Street
1/29/2020 3:29,511nyWNY,Updated: Construction on #I190NiagaraThruway NB from Before Exit N6 (I-190) - Elm St - Oak St to Before Exit
1/29/2020 3:29,511NYMidHudson,Construction on #I87NYSThruway NB from Before Exit 6A (I-87) - Ridge Hill Corporate Dr to After Yonkers Toll Barrier
1/29/2020 3:29,511nyWNY,Incident on #I90NYSThruway WB from Before Exit 57 (I-90) - Hamburg (Rte 75) to Exit 57 (I-90) - Hamburg (Rte 75)
1/29/2020 3:29,511NY,Construction on #I87NYSThruway NB from Before Exit 6A (I-87) - Ridge Hill Corporate Dr to After Yonkers Toll Barrier
1/29/2020 3:29,511NY,Incident on #I90NYSThruway WB from Before Exit 57 (I-90) - Hamburg (Rte 75) to Exit 57 (I-90) - Hamburg (Rte 75)
1/29/2020 3:29,511NY,Updated: Construction on #I190NiagaraThruway NB from Before Exit N6 (I-190) - Elm St - Oak St to Before Exit
1/29/2020 3:25,511NY,Incident on #NY35 EB at North Salem Road; NY 121
1/29/2020 3:23,511NY,Incident on #SouthernStateParkway WB from Exit 39N - NY 231 to Exit 33 - NY 109
1/29/2020 3:22,511NY,Cleared: Incident on #I787 NB at Exit 4B southbound; Clinton Avenue; US 9
1/29/2020 3:22,511NY,Construction on #FranklinDRooseveltDrive SB from 30th Street to 25th Street
1/29/2020 3:22,511NYC,Construction on #FranklinDRooseveltDrive SB from 30th Street to 25th Street
1/29/2020 3:21,511NY,Cleared: Incident on #I84W WB at Exit 63 (RTE 30)
1/29/2020 3:19,511NYC,Construction on #I278 EB at Metropolitan Avenue; Williamsburg Bridge
1/29/2020 3:19,511NYC,Construction on #I278 WB from East 138th Street; I-278-Bruckner Expressway to East 141st Street
1/29/2020 3:19,511NY,Construction on #I278 EB at Metropolitan Avenue; Williamsburg Bridge
1/29/2020 3:19,511NY,Construction on #I278 WB from East 138th Street; I-278-Bruckner Expressway to East 141st Street
1/29/2020 3:17,511NY,Incident on #I495 WB from Exit 53 - Sagtikos State Parkway; Wicks Road; CR 7 to Exit 49N - NY 110
1/29/2020 3:17,511NY,Cleared: Incident on #NJ47 NB from Ocean Av/Atlantic Ave to Susquehanna Av
1/29/2020 3:17,511nyLongIsland,Incident on #I495 WB from Exit 53 - Sagtikos State Parkway; Wicks Road; CR 7 to Exit 49N - NY 110
1/29/2020 3:16,511NY,Cleared: Incident on #5Line at Intervale Avenue Station
1/29/2020 3:16,511NY,Cleared: Incident on #2Line NB at Intervale Avenue Station
1/29/2020 3:15,511NY,Cleared: Incident on #SelectBus at Jamaica Center
1/29/2020 3:15,511NY,Cleared: Incident on #LocalBus at Jamaica Center
1/29/2020 3:15,511NY,Cleared: Incident on #QueensBus at Jamaica Center
1/29/2020 3:15,511NY,Cleared: Incident on #ExpressBus at Gowanus Expressway between the Belt Parkway and the Brooklyn-Queens Expressway
1/29/2020 3:15,511NY,Cleared: Incident on #BrooklynBus at Gowanus Expressway between the Belt Parkway and the Brooklyn-Queens Expressway
1/29/2020 3:15,511NY,Cleared: Incident on #QueensBus at Downtown Flushing
1/29/2020 3:15,511NY,Cleared: Incident on #B83Bus from Pennsylvania :Fulton to Pennsylvania :Blake
1/29/2020 3:15,511NY,Cleared: Incident on #QueensBus
1/29/2020 3:15,511NY,Cleared: Incident on #CoastLine at New York Penn Station
1/29/2020 3:15,511NY,Cleared: Incident on #JerseyLine at New York Penn Station
1/29/2020 3:15,511NY,Cleared: Incident on #VariousBus Both directions at Jamaica Center
1/29/2020 3:15,511NY,Cleared: Incident on #VariousBus at Gowanus Expressway between the Belt Parkway and the Brooklyn-Queens Expressway
1/29/2020 3:15,511NY,Cleared: Incident on #B11Bus from 49th Street : 6th Avenue to 49th Street : 7th Avenue
1/29/2020 3:15,511NY,Cleared: Incident on #VariousBus Both directions at Downtown Flushing
1/29/2020 3:15,511NY,Cleared: Incident on #B20Bus from Pennsylvania :Fulton to Pennsylvania :Blake
1/29/2020 3:15,511NY,Cleared: Incident on #Q24Bus from Atlantic Avenue : Pennsylvania Avenue to Atlantic Avenue : Logan Street
1/29/2020 3:15,511NY,Cleared: Incident on #VariousBus Both directions
1/29/2020 3:15,511NY,Cleared: Incident on #NorthLine at New York Penn Station
1/29/2020 3:15,511NY,Cleared: Incident on #B41Bus Both directions from Flatbush Avenue: Parkside Avenue to Flatbush Avenue: Nostrand Avenue
1/29/2020 3:14,511NYC,Construction on #GeorgeWashingtonBridge EB at Lower Trans Manhattan Expressway
1/29/2020 3:14,511NYC,Construction on #GeorgeWashingtonBridge EB at Upper Trans Manhattan Expressway
1/29/2020 3:14,511NY,Construction on #GeorgeWashingtonBridge EB at Lower Trans Manhattan Expressway
1/29/2020 3:14,511NY,Construction on #GeorgeWashingtonBridge EB at Upper Trans Manhattan Expressway
1/29/2020 3:12,511NY,Incident on #I87Northway NB at Twin Bridges; Town of Halfmoon; Town of Colonie Line
1/29/2020 3:07,511NY,Cleared: Closure on #NY104 Both directions from US 11 to I-81
1/29/2020 3:06,511NY,Cleared: Closure on #78ThStreet WB from 4th Avenue to 3rd Avenue
1/29/2020 3:03,511NY,Updated: Incident on #S8N NB at 0.59 miles beyond Exit 2 (LAFAYETTE SQ)
1/29/2020 3:01,511nyLS,Construction on #LLine Both directions from Bedford Avenue Station to Rockaway Parkway-Canarsie Station
1/29/2020 3:01,511NY,Construction on #I287 NB at Exit 22 - US 202
1/29/2020 3:01,511NYC,Construction on #LLine Both directions from Bedford Avenue Station to Rockaway Parkway-Canarsie Station
1/29/2020 3:00,511NY,Cleared: Construction on #I84W WB at Exit 22 (UNION ST)
1/29/2020 3:00,511NY,Cleared: Incident on #S8S SB at 0.40 miles before Exit 2 (FAIRFIELD AVE)
1/29/2020 2:59,511NY,Cleared: Incident on #NJ147 WB at Garden State Parkway
1/29/2020 2:58,511NY,Incident on #CoastLine at New York Penn Station
1/29/2020 2:58,511NY,Incident on #JerseyLine at New York Penn Station
1/29/2020 2:58,511NY,Construction on #GardenStateParkway SB from North of Exit 69 - CR 532/Waretown Rd to North of Exit 69 -
1/29/2020 2:58,511NY,Incident on #NorthLine at New York Penn Station
1/29/2020 2:58,511NYC,Incident on #CoastLine at New York Penn Station
1/29/2020 2:58,511NYC,Incident on #JerseyLine at New York Penn Station
1/29/2020 2:58,511NYC,Incident on #NorthLine at New York Penn Station
1/29/2020 2:57,511NY,Cleared: Incident on #I91S SB at 1.00 miles before Exit 23 (WEST ST)
1/29/2020 2:55,511nyAlbany,Construction on #DunnMemorialBridge EB at Route 9 &amp; 20
1/29/2020 2:53,511nyWNY,Construction on #I190NiagaraThruway NB from Before Exit N6 (I-190) - Elm St - Oak St to Before Exit N7 (I-190)
1/29/2020 2:53,511NY,Construction on #I190NiagaraThruway NB from Before Exit N6 (I-190) - Elm St - Oak St to Before Exit N7 (I-190)
1/29/2020 2:52,511NYC,Incident on #GeorgeWashingtonBridge WB at New York Side/Lower Level
1/29/2020 2:52,511NY,Construction on #PortNewarkElizabethMarineTerminal
1/29/2020 2:52,511NY,Incident on #GeorgeWashingtonBridge WB at New York Side/Lower Level
1/29/2020 2:51,511NY,Construction on #I84W WB at Exit 22 (UNION ST)
1/29/2020 2:51,511NY,Construction on #I787 NB at Exit 7E; NY 378 eastbound
1/29/2020 2:51,511NY,Incident on #S8S SB at 0.40 miles before Exit 2 (FAIRFIELD AVE)
1/29/2020 2:51,511nyAlbany,Construction on #I787 NB at Exit 7E; NY 378 eastbound
1/29/2020 2:50,511NY,Cleared: Incident on #NJ73 SB at CR 708/Gibbsboro Rd
1/29/2020 2:50,511NYMidHudson,Updated: Incident on #WassaicBranch at Wassaic Station
1/29/2020 2:49,511NY,Cleared: Closure on #GeorgeWashingtonBridge WB from Lower Trans Manhattan Expressway to New York Side/Lower Level
1/29/2020 2:48,511NY,Closure on #GeorgeWashingtonBridge WB from Lower Trans Manhattan Expressway to New York Side/Lower Level
1/29/2020 2:48,511NY,Incident on #S8N NB at 0.59 miles beyond Exit 2 (LAFAYETTE SQ)
1/29/2020 2:48,511NYC,Closure on #GeorgeWashingtonBridge WB from Lower Trans Manhattan Expressway to New York Side/Lower Level
1/29/2020 2:48,511NY,Cleared: Incident on #NJ47 SB at North of CR 624/West Rio Grand Ave
1/29/2020 2:47,511NYC,Construction on #GeorgeWashingtonBridge WB at Lower Trans Manhattan Expressway
1/29/2020 2:44,511NY,Cleared: Construction on #I87NYSThruway SB from After Exit 11 (I-87) - Nyack (US 9W) to Before Exit 10 (I-87) - South Nyack (US 9W)
1/29/2020 2:43,511NYC,Incident on #GLine at Carroll Street Station
1/29/2020 2:43,511NYC,Incident on #FLine NB at Carroll Street Station
1/29/2020 2:43,511nyG,Incident on #GLine at Carroll Street Station
1/29/2020 2:43,511nyBDFV,Incident on #FLine NB at Carroll Street Station
1/29/2020 2:42,511NY,Construction on #I495 EB from Exit 46 - Sunnyside Boulevard to Exit 48 - Round Swamp Road
1/29/2020 2:42,511NYC,Construction on #NLine NB at Prince Street Station
1/29/2020 2:42,511nyLongIsland,Construction on #I495 EB from Exit 46 - Sunnyside Boulevard to Exit 48 - Round Swamp Road
1/29/2020 2:42,511NY,Cleared: Incident on #84BBus at Journal Square Transportation Center
1/29/2020 2:41,511NY,Incident on #US9 SB from Latham Circle; Troy Schenectady Road; NY 2 to Kunker Ave
1/29/2020 2:41,511NY,Construction on #NY440 SB at Exit 9 - I-278
1/29/2020 2:41,511NYC,Construction on #NY440 SB at Exit 9 - I-278
1/29/2020 2:41,511nyAlbany,Incident on #US9 SB from Latham Circle; Troy Schenectady Road; NY 2 to Kunker Ave
1/29/2020 2:39,511NY,Updated: Incident on #I84W WB at Exit 63 (RTE 30)
1/29/2020 2:39,511NY,Construction on #I84W WB at Exit 22 (UNION ST)
1/29/2020 2:37,511NY,Incident on #NJ147 WB at Garden State Parkway
1/29/2020 2:34,511NY,Incident on #I787 NB at Exit 4B southbound; Clinton Avenue; US 9
1/29/2020 2:34,511NY,Incident on #I84W WB at Exit 63 (RTE 30)
1/29/2020 2:34,511NY,Updated: Incident on #NJ47 NB from Ocean Av/Atlantic Ave to Susquehanna Av
1/29/2020 2:34,511nyAlbany,Incident on #I787 NB at Exit 4B southbound; Clinton Avenue; US 9
1/29/2020 2:34,511NY,Cleared: Special Event on #NJ47 at Ocean Av/Atlantic Ave
1/29/2020 2:34,511NY,Cleared: Incident on #MeadowbrookStateParkway NB at Exit M1 - Old Country Road
1/29/2020 2:31,511NY,Updated: Special Event on #WildwoodsConventionCenter at 4501 Boardwalk
1/29/2020 2:31,511NY,Updated: Special Event on #NJ47 at Ocean Av/Atlantic Ave
1/29/2020 2:31,511NYC,Updated: Special Event on #MadisonSquareGarden at the Arena
1/29/2020 2:31,511NY,Construction on #UnionTurnpike WB from Park Drive to Queens Blvd
1/29/2020 2:31,511NYC,Construction on #UnionTurnpike WB from Park Drive to Queens Blvd
1/29/2020 2:30,511NY,Incident on #NY22A Both directions at CR 20
1/29/2020 2:30,511nyAlbany,Incident on #NY22A Both directions at CR 20
1/29/2020 2:29,511NY,Cleared: Incident on #HarlemLine SB from Mount Kisco Station to Grand Central Terminal
1/29/2020 2:28,511NYC,Construction on #NLine BothDir/BothDir from 57th Street Station to 59th Street Station
1/29/2020 2:28,511NYC,Construction on #MLine Both directions from Metropolitan Avenue-Middle Village Station to
1/29/2020 2:28,511NYC,Construction on #2Line BothDir/BothDir at Eastern Parkway-Brooklyn Museum Station
1/29/2020 2:28,511NYC,Construction on #FLine Both directions from 21st Street-Queensbridge Station to Jackson Hts-Roosevelt Avenue Station
1/29/2020 2:28,511NYC,Construction on #2Line Both directions from Chambers Street Station to Atlantic Avenue-Barclays Center Station
1/29/2020 2:28,511NY,Construction on #2Line Both directions from Chambers Street Station to Atlantic Avenue-Barclays Center Station
1/29/2020 2:28,511ny123,Construction on #2Line BothDir/BothDir at Eastern Parkway-Brooklyn Museum Station
1/29/2020 2:28,511nyBDFV,Construction on #FLine Both directions from 21st Street-Queensbridge Station to Jackson Hts-Roosevelt Avenue Station
1/29/2020 2:28,511nyJMZ,Construction on #MLine Both directions from Metropolitan Avenue-Middle Village Station to
1/29/2020 2:28,511ny123,Construction on #2Line Both directions from Chambers Street Station to Atlantic Avenue-Barclays Center Station
1/29/2020 2:28,511NY,Cleared: Special Event on #WildwoodsConventionCenter at 4501 Boardwalk
1/29/2020 2:27,511NY,Construction on #NLine Queens bound at 57th Street Station
1/29/2020 2:27,511NY,Closure on #NY104 Both directions from US 11 to I-81
1/29/2020 2:27,511NY,Construction on #ELine Both directions from Jackson Hts-Roosevelt Avenue Station to World Trade Center Station
1/29/2020 2:27,511NY,Construction on #2Line Both directions from 96th Street Station to Chambers Street Station
1/29/2020 2:27,511nyACE,Construction on #ELine Both directions from Jackson Hts-Roosevelt Avenue Station to World Trade Center Station
1/29/2020 2:27,511ny123,Construction on #2Line Both directions from 96th Street Station to Chambers Street Station
1/29/2020 2:27,511NYC,Construction on #NLine Queens bound at 57th Street Station
1/29/2020 2:27,511NYC,Construction on #ELine Both directions from Jackson Hts-Roosevelt Avenue Station to World Trade Center Station
1/29/2020 2:27,511NY,Cleared: Special Event on #MadisonSquareGarden at the Arena
1/29/2020 2:27,511nyCNY,Closure on #NY104 Both directions from US 11 to I-81
1/29/2020 2:27,511NYC,Construction on #2Line Both directions from 96th Street Station to Chambers Street Station
1/29/2020 2:27,511NY,Cleared: Construction on #FLine Both directions from 21st Street-Queensbridge Station to Forest Hills-71st Avenue Station
1/29/2020 2:25,511NY,Updated: Incident on #NJ73 SB at CR 708/Gibbsboro Rd
1/29/2020 2:24,511NY,Cleared: Incident on #MorristownLine at Dover Station
1/29/2020 2:24,511NY,Updated: Incident on #NJ73 SB at CR 689/Milford Rd
1/29/2020 2:22,511NY,Incident on #NJ73 SB at CR 689/Milford Rd
1/29/2020 2:22,511NY,Updated: Incident on #NJ47 SB at North of CR 624/West Rio Grand Ave
1/29/2020 2:21,511NYC,Construction on #I678 NB at Exit 10 - Grand Central Parkway
1/29/2020 2:20,511NYC,Incident on #5Line at Intervale Avenue Station
1/29/2020 2:20,511NYC,Incident on #2Line NB at Intervale Avenue Station
1/29/2020 2:20,511ny456,Incident on #5Line at Intervale Avenue Station
1/29/2020 2:18,511NY,Incident on #CorridorLine at Trenton Station
1/29/2020 2:18,511NY,Incident on #NortheastLine at Trenton Station
1/29/2020 2:18,511NY,Construction on #S8N NB at Exit 31 (EB I-84)
1/29/2020 2:17,511NYMidHudson,Construction on #I287CrossWestchesterExpwy WB from Before Exit 11 (I-287) - Portchester- Rye (US 1) to
1/29/2020 2:15,511NY,Updated: Incident on #I91S SB at 1.00 miles before Exit 23 (WEST ST)
1/29/2020 2:14,511nyLongIsland,Updated: Incident on #MeadowbrookStateParkway NB at Exit M1 - Old Country Road
1/29/2020 2:12,511nyLongIsland,Incident on #MeadowbrookStateParkway NB at Exit M1 - Old Country Road
1/29/2020 2:12,511NY,Cleared: Incident on #TaconicStateParkway NB at Exit 11 - Kitchawan Road; NY 134
1/29/2020 2:10,511NY,Closure on #QueensboroBridge EB at Queens Bound
1/29/2020 2:09,511nyLongIsland,Construction on #SagtikosStateParkway Both directions from Exit SM2 - NY 454; Veterans Memorial Parkway;
1/29/2020 2:09,511NY,Incident on #I91S SB at 1.00 miles before Exit 23 (WEST ST)
1/29/2020 2:09,511NY,Construction on #SagtikosStateParkway Both directions from Exit SM2 - NY 454; Veterans Memorial Parkway;
1/29/2020 2:04,511NY,Closure on #NJ47 SB at North of CR 624/West Rio Grand Ave
1/29/2020 2:04,511NY,Cleared: Incident on #HarlemLine from Valhalla Station to Hawthorne Station
1/29/2020 2:03,511NY,Cleared: Incident on #6Bus from Journal Square to Ocean Avenue at Merrit Street
1/29/2020 2:02,511NY,Construction on #I295 SB at south of Exit 71 - Federal City Rd
1/29/2020 2:02,511NY,Construction on #US1 NB at Ryders Ln
1/29/2020 2:02,511NY,Construction on #I287 SB at Exit 14 - US 22
1/29/2020 2:02,511NY,Construction on #US130 SB from North of NJ 47 to North of NJ 47
1/29/2020 2:02,511NY,Construction on #NJ3 Both directions at Harmon Cove
1/29/2020 2:02,511NY,Cleared: Construction on #I787 NB at Exit 7E; NY 378 eastbound
1/29/2020 2:01,511nyAlbany,Updated: Construction on #I787 NB at Exit 7E; NY 378 eastbound
1/29/2020 1:59,511NYMidHudson,Incident on #TaconicStateParkway NB at Exit 11 - Kitchawan Road; NY 134
1/29/2020 1:57,511nyBDFV,Construction on #FLine Both directions from 21st Street-Queensbridge Station to Forest Hills-71st Avenue Station
1/29/2020 1:57,511NY,Construction on #FLine Both directions from 21st Street-Queensbridge Station to Forest Hills-71st Avenue Station
1/29/2020 1:56,511NY,Cleared: Construction on #BX34Bus at Bainbridge Avenue:Fordham Road
1/29/2020 1:54,511NYMidHudson,Incident on #WassaicBranch at Wassaic Station
1/29/2020 1:53,511NY,Cleared: Special Event on #US9 Both directions from NJ 47/Delsea Dr to South of NJ 47/Delsea Dr
1/29/2020 1:53,511NY,Cleared: Closure on #NJ47 Both directions from US 9 to Ocean Av/Atlantic Ave
1/29/2020 1:51,511NY,Cleared: Incident on #SouthernStateParkway EB at Exit 32N - NY 110
1/29/2020 1:50,511NY,Incident on #I87NYSThruway NB from Before Exit 17 (I-87) - Newburgh (I-84 - Rte 17K) to Exit 17 (I-87) -
1/29/2020 1:50,511nyCNY,Incident on #I81 NB at Exit 18 - Adams Street; Harrison Street
1/29/2020 1:50,511NYMidHudson,Incident on #I87NYSThruway NB from Before Exit 17 (I-87) - Newburgh (I-84 - Rte 17K) to Exit 17 (I-87) -
1/29/2020 1:50,511NY,Incident on #I81 NB at Exit 18 - Adams Street; Harrison Street
1/29/2020 1:50,511NY,Cleared: Incident on #I90NYSThruway WB from Before Exit 44 (I-90) - Canandaigua (Rte 332) to Exit 44 (I-90) - Canandaigua (Rte 332)
1/29/2020 1:49,511nyLongIsland,Incident on #SouthernStateParkway EB at Exit 32N - NY 110
1/29/2020 1:47,511NY,Cleared: Incident on #GardenStateParkway Both directions at Exit 4 - NJ 47 (Northbound Exit Only)
1/29/2020 1:46,511NY,Updated: Incident on #84BBus at Journal Square Transportation Center
1/29/2020 1:45,511NY,Incident on #84Bus at Journal Square Transportation Center
1/29/2020 1:45,511NY,Cleared: Incident on #SprainBrookStateParkway NB at Exit - I-287
1/29/2020 1:42,511NY,Cleared: Incident on #I280 WB at East of Exit 1W - New Rd
1/29/2020 1:42,511NY,Construction on #S72W WB at S72W@Start
1/29/2020 1:38,511NYMidHudson,Construction on #I87NYSThruway NB from After Exit 9 (I-87) - Tarrytown (Rte 9) to Before Exit 10 (I-87) -
1/29/2020 1:37,511NY,Closure on #NewJerseyTurnpike SB from North of Interchange 14 - I-78/US 1&amp;9 to South of Interchange 6
1/29/2020 1:37,511NY,Cleared: Incident on #AllBus at Port Authority Bus Terminal
1/29/2020 1:36,511NY,Incident on #GardenStateParkway Both directions at Exit 4 - NJ 47 (Northbound Exit Only)
1/29/2020 1:36,511NY,Updated: Special Event on #US9 Both directions from NJ 47/Delsea Dr to South of NJ 47/Delsea Dr
1/29/2020 1:36,511NY,Incident on #I280 WB at East of Exit 1W - New Rd
1/29/2020 1:35,511NY,Cleared: Incident on #CorridorLine at Trenton Station
1/29/2020 1:35,511NY,Cleared: Incident on #GardenStateParkway SB at Exit 4 - NJ 47 (Northbound Exit Only)
1/29/2020 1:35,511NY,Cleared: Incident on #NortheastLine at Trenton Station
1/29/2020 1:34,511NY,Updated: Closure on #NJ47 Both directions from US 9 to Ocean Av/Atlantic Ave
1/29/2020 1:34,511NY,Special Event on #US9 Both directions from NJ 47/Delsea Dr to South of NJ 47/Delsea Dr
1/29/2020 1:33,511NY,Cleared: Incident on #I684 NB at Exit 4 - NY 172 - Mount Kisco - Bedford
1/29/2020 1:33,511NY,Cleared: Incident on #I495 EB from Exit 19 - Woodhaven Boulevard / Queens Boulevard to Exit 22A - Grand Central Parkwy
1/29/2020 1:33,511NY,Incident on #HarlemLine SB from Mount Kisco Station to Grand Central Terminal
1/29/2020 1:33,511NY,Closure on #NJ47 Both directions from US 9 to Ocean Av/Atlantic Ave
1/29/2020 1:33,511NYMidHudson,Incident on #HarlemLine SB from Mount Kisco Station to Grand Central Terminal
1/29/2020 1:31,511NY,Cleared: Incident on #MeadowbrookStateParkway SB at Exit M1 - Old Country Road
1/29/2020 1:30,511NY,Construction on #S9N NB at Exit 22 (AMER. VETS. MEMO. HWY.)
1/29/2020 1:29,511NY,Cleared: Incident on #I81 NB at Exit 18 - Adams Street; Harrison Street
1/29/2020 1:28,511NY,Incident on #MorristownLine at Dover Station
1/29/2020 1:27,511NY,Construction on #S796S SB at 0.30 miles before Exit 2B (I-95 SB)
1/29/2020 1:25,511NYMidHudson,Incident on #SprainBrookStateParkway NB at Exit - I-287
1/29/2020 1:25,511NY,Incident on #SprainBrookStateParkway NB at Exit - I-287
1/29/2020 1:24,511NY,Construction on #S796N NB at 0.80 miles before Exit 3B (RTE 15 SB)
1/29/2020 1:20,511NY,Cleared: Incident on #85Bus at Millcreek Mall
1/29/2020 1:17,511NY,Updated: Incident on #QueensBus
1/29/2020 1:17,511NY,Updated: Incident on #VariousBus Both directions
1/29/2020 1:14,511NY,Construction on #I87NYSThruway SB from After Exit 11 (I-87) - Nyack (US 9W) to Before Exit 10 (I-87) -
1/29/2020 1:14,511NYMidHudson,Construction on #I87NYSThruway SB from After Exit 11 (I-87) - Nyack (US 9W) to Before Exit 10 (I-87) -
1/29/2020 1:14,511NY,Cleared: Construction on #VerrazanonarrowsBridge WB at Staten Island Bound Lower Level
1/29/2020 1:13,511NY,Updated: Incident on #AllBus at Port Authority Bus Terminal
1/29/2020 1:11,511NY,Cleared: Incident on #US19TonnelleAvenue NB at North of Secaucus Rd
1/29/2020 1:10,511NY,Cleared: Incident on #OysterBayBranch EB from Hunterspoint Avenue Station to Oyster Bay Station
1/29/2020 1:09,511NY,Construction on #S15N NB at 1.34 miles before Exit 41 (RTE 33)
1/29/2020 1:06,511NY,Incident on #6Bus from Journal Square to Ocean Avenue at Merrit Street
1/29/2020 1:03,511NY,Cleared: Incident on #NLine Both directions from Kings Highway Station to 86th Street Station
1/29/2020 1:03,511NY,Updated: Incident on #HarlemLine from Valhalla Station to Hawthorne Station
1/29/2020 1:02,511NYC,Updated: Closure on #West53RdStreet WB from 8th Avenue to 9th Avenue
1/29/2020 1:01,511NY,Special Event on #RadioCityMusicHall
1/29/2020 1:01,511NY,Construction on #US130 NB at South of Hankins Rd
1/29/2020 1:01,511NY,Closure on #West53RdStreet from 8th Avenue to 9th Avenue
1/29/2020 1:01,511NY,Construction on #LProject Both directions from Rockaway Parkway-Canarsie Station to 14th Street-Union Square Station
1/29/2020 1:01,511NY,Construction on #BronxRiverParkway SB from Exit - Sprain Brook Parkway to Exit 11W - Cross County Parkway
1/29/2020 1:01,511NYC,Special Event on #RadioCityMusicHall
1/29/2020 1:01,511NY,Construction on #I195 WB at Exit 8 - CR 539
1/29/2020 1:01,511NYC,Closure on #West53RdStreet from 8th Avenue to 9th Avenue
1/29/2020 1:01,511NY,Construction on #I84 Both directions from Pennsylvania State Line (I-84) to Exit 5 (I-84) - Maybrook (NY 208)
1/29/2020 1:01,511NYMidHudson,Construction on #BronxRiverParkway SB from Exit - Sprain Brook Parkway to Exit 11W - Cross County Parkway
1/29/2020 1:01,511NYC,Construction on #LProject Both directions from Rockaway Parkway-Canarsie Station to 14th Street-Union Square Station
1/29/2020 1:01,511NY,Construction on #LLine Both directions from Bedford Avenue Station to 1st Avenue Station
1/29/2020 1:01,511NYMidHudson,Construction on #I84 Both directions from Pennsylvania State Line (I-84) to Exit 5 (I-84) - Maybrook (NY 208)
1/29/2020 1:01,511NYC,Construction on #LLine Both directions from Bedford Avenue Station to 1st Avenue Station
1/29/2020 1:01,511NY,Cleared: Special Event on #VerrazanonarrowsBridge WB at Staten Island Bound Upper Level
1/29/2020 1:00,511NY,Updated: Incident on #SelectBus at Jamaica Center
1/29/2020 1:00,511NY,Updated: Incident on #LocalBus at Jamaica Center
1/29/2020 1:00,511NY,Updated: Incident on #QueensBus at Jamaica Center
1/29/2020 1:00,511NY,Updated: Incident on #VariousBus Both directions at Jamaica Center
1/29/2020 0:59,511NY,Cleared: Incident on #1Line at 96th Street Station
1/29/2020 0:59,511NY,Cleared: Incident on #I287CrossWestchesterExpwy WB from Before Exit 10 (I-287) - Westchester Ave (Rte 120 - Rte 120A) to Exit 9 (I-287)...
1/29/2020 0:58,511NY,Incident on #NLine Both directions from Kings Highway Station to 86th Street Station
1/29/2020 0:58,511NYC,Incident on #NLine Both directions from Kings Highway Station to 86th Street Station
1/29/2020 0:57,511NY,Construction on #NewJerseyTurnpikei95 NB from Exit 70B - Teaneck to Exit 72A (SB) - NJ 4
1/29/2020 0:55,511NY,Cleared: Incident on #I684 NB at Exit 6A - NY 22 to NY 138 - Goldens Bridge (Northbound Exit Ramp)
1/29/2020 0:55,511NY,Incident on #I495 EB from Exit 19 - Woodhaven Boulevard / Queens Boulevard to Exit 22A - Grand Central Parkwy
1/29/2020 0:54,511NY,Cleared: Incident on #I80 EB at East of Exit 4 - NJ 94/US 46
1/29/2020 0:54,511NY,Incident on #US19TonnelleAvenue NB at North of Secaucus Rd
1/29/2020 0:53,511NY,Cleared: Incident on #2Line SB from 96th Street Station to 72nd Street Station
1/29/2020 0:51,511NY,Cleared: Incident on #I278 EB from Exit 24 - NY 27; Prospect Expressway Exit to Exit 28A - Old Fulton Street; Cadman Plaza West
1/29/2020 0:49,511NY,Cleared: Incident on #TaconicStateParkway SB at Exit - NY 203
1/29/2020 0:47,511NY,Cleared: Incident on #US46 WB at East of CR 621/Hook Mountain Rd
1/29/2020 0:45,511NY,Cleared: Incident on #B4Bus from Bay Ridge Parkway : 20th Street to Bay Ridge Parkway : 18th Avenue
1/29/2020 0:44,511NY,Updated: Incident on #6Line at Bleecker Street Station
1/29/2020 0:44,511NY,Updated: Incident on #5Line at Bleecker Street Station
1/29/2020 0:44,511ny456,Updated: Incident on #5Line at Bleecker Street Station
1/29/2020 0:44,511ny456,Updated: Incident on #4Line at Bleecker Street Station
1/29/2020 0:42,511NYMidHudson,Updated: Incident on #HarlemLine from Valhalla Station to Hawthorne Station
1/29/2020 0:41,511NY,Cleared: Incident on #83Bus at Hackensack Bus Terminal
1/29/2020 0:40,511NY,Cleared: Incident on #NJ21 NB from Exit 13 - Randolph Av to Exit 14 - US 46
1/29/2020 0:40,511NY,Cleared: Incident on #US19TonnelleAvenue NB from NJ 139 Lower to Manhattan Av
1/29/2020 0:40,511NY,Updated: Incident on #QueensBus at Downtown Flushing
1/29/2020 0:40,511NY,Cleared: Incident on #I280 WB from Exit 16E - Essex St to Exit 14W - Clifton Av
1/29/2020 0:40,511NY,Updated: Incident on #VariousBus Both directions at Downtown Flushing
1/29/2020 0:40,511NY,Cleared: Incident on #NJ17 NB from I-80 to Passaic St
1/29/2020 0:40,511NY,Incident on #I81 NB at Exit 18 - Adams Street; Harrison Street
1/29/2020 0:40,511NY,Cleared: Incident on #NJ21 SB from Commerce St to Emmet St
1/29/2020 0:40,511NYC,Updated: Incident on #QueensBus at Downtown Flushing
1/29/2020 0:40,511NYC,Updated: Incident on #VariousBus Both directions at Downtown Flushing
1/29/2020 0:40,511nyCNY,Incident on #I81 NB at Exit 18 - Adams Street; Harrison Street
1/29/2020 0:39,511NY,Incident on #CorridorLine at Trenton Station
1/29/2020 0:39,511NY,Cleared: Construction on #BabylonBranch EB from Long Island City Station to Babylon Station
1/29/2020 0:39,511NY,Incident on #NortheastLine at Trenton Station
1/29/2020 0:39,511NY,Cleared: Incident on #NJ139Lower EB from West of NJ 139 Upper Roadway exit to Jersey Ave
1/29/2020 0:37,511NYC,Incident on #OysterBayBranch EB from Hunterspoint Avenue Station to Oyster Bay Station
1/29/2020 0:34,511NYMidHudson,Incident on #I684 NB at Exit 4 - NY 172 - Mount Kisco - Bedford
1/29/2020 0:34,511NY,Cleared: Incident on #LincolnTunnel EB at from New Jersey.
1/29/2020 0:33,511NY,Cleared: Incident on #NewJerseyTurnpike at Interchange 14 - I-78/US 1&amp;9
1/29/2020 0:32,511NY,Cleared: Incident on #I87NYSThruway SB from Before Exit 14 (I-87) - Spring Valley (Rte 59) to Exit 13 (I-87) - Palisades Interstate Parkway
1/29/2020 0:31,511NY,Cleared: Incident on #US1 SB from Washington Rd to Meadow Rd
1/29/2020 0:31,511NY,Cleared: Incident on #NJ47 SB at Ocean Av/Atlantic Ave
1/29/2020 0:31,511NY,Cleared: Incident on #I87Northway NB at Exit 6; NY 2; NY 7
1/29/2020 0:29,511NY,Updated: Incident on #ExpressBus at Gowanus Expressway between the Belt Parkway and the Brooklyn-Queens Expressway
1/29/2020 0:29,511NY,Updated: Incident on #BrooklynBus at Gowanus Expressway between the Belt Parkway and the Brooklyn-Queens Expressway
1/29/2020 0:29,511NYC,Updated: Incident on #ExpressBus at Gowanus Expressway between the Belt Parkway and the Brooklyn-Queens Expressway
1/29/2020 0:29,511NY,Updated: Incident on #VariousBus at Gowanus Expressway between the Belt Parkway and the Brooklyn-Queens Expressway
1/29/2020 0:29,511NYC,Updated: Incident on #BrooklynBus at Gowanus Expressway between the Belt Parkway and the Brooklyn-Queens Expressway
1/29/2020 0:29,511NY,Incident on #I287CrossWestchesterExpwy WB from Before Exit 10 (I-287) - Westchester Ave (Rte 120 - Rte 120A)
1/29/2020 0:29,511NYC,Updated: Incident on #VariousBus at Gowanus Expressway between the Belt Parkway and the Brooklyn-Queens Expressway
1/29/2020 0:29,511NYMidHudson,Incident on #I287CrossWestchesterExpwy WB from Before Exit 10 (I-287) - Westchester Ave (Rte 120 - Rte 120A)
1/29/2020 0:28,511NY,Cleared: Incident on #GardenStateParkway NB from South of Exit 143C - NJ 124 to Exit 145 - I-280
1/29/2020 0:28,511NY,Cleared: Incident on #GardenStateParkway SB from South of Exit 135 - Central Ave to Exit 130B-A - US 1
1/29/2020 0:28,511NY,Incident on #NewJerseyTurnpike at Interchange 14 - I-78/US 1&amp;9
1/29/2020 0:27,511NY,Cleared: Construction on #PortWashingtonBranch WB from Great Neck Station to New York Penn Station
1/29/2020 0:27,511NY,Cleared: Incident on #GardenStateParkway SB from South of Exit 143 - NJ 124 to Exit 140 - US 22/NJ 82
1/29/2020 0:27,511NY,Cleared: Incident on #GardenStateParkway SB from South of Exit 149 - CR 506 to Exit 145 - I-280
1/29/2020 0:26,511NY,Updated: Incident on #I278 EB from Exit 24 - NY 27; Prospect Expressway Exit to Exit 28A - Old Fulton Street;..
1/29/2020 0:26,511NY,Cleared: Incident on #GardenStateParkway SB at South of Exit 136 - Stiles St
1/29/2020 0:25,511NY,Cleared: Incident on #GrandCentralParkway EB from Exit 12 - Route 25 Queens Boulevard to Exit 13 - I-678 - Van Wyck Expressway; Jackie...
1/29/2020 0:25,511NY,Cleared: Incident on #I495 EB from Exit 19 - Woodhaven Boulevard / Queens Boulevard to Exit 24 - Kissena Boulevard / 164th Street
1/29/2020 0:25,511NY,Incident on #I495 EB at Exit 22A - Grand Central Parkwy
1/29/2020 0:25,511NYC,Incident on #I495 EB at Exit 22A - Grand Central Parkwy
1/29/2020 0:24,511NY,Incident on #85Bus at Millcreek Mall
1/29/2020 0:23,511NY,Cleared: Incident on #BronxRiverParkway NB at Exit 11E - Cross County Parkway
1/29/2020 0:23,511NY,Updated: Incident on #I278 EB from 38 Street to Exit 28A - Old Fulton Street; Cadman Plaza West
1/29/2020 0:22,511NYMidHudson,Incident on #HarlemLine from Valhalla Station to Hawthorne Station
1/29/2020 0:21,511NY,Construction on #S15N NB at 1.00 miles before Exit 85 (RTE 99 SB)
1/29/2020 0:21,511NY,Cleared: Incident on #NJ42 NB at Exit 10B - CR 681/Lower Landing Rd
1/29/2020 0:20,511NY,Cleared: Incident on #DLine at 125th Street Station
1/29/2020 0:20,511NY,Cleared: Incident on #ALine NB at 125th Street Station
1/29/2020 0:15,511NY,Cleared: Incident on #I278 WB from Vanderbilt Avenue to Exit 26 - Hamilton Avenue
1/29/2020 0:15,511nyAlbany,Incident on #I87Northway NB at Exit 6; NY 2; NY 7
1/29/2020 0:15,511NY,Cleared: Incident on #BeltSystemSouthernParkway WB from 150th Street; Ramp to START ROUTE Belt System - Southern Parkway; Huron Street;...
1/29/2020 0:13,511NYC,Updated: Incident on #I278 EB from 38 Street to Exit 28A - Old Fulton Street; Cadman Plaza West
1/29/2020 0:12,511NYC,Closure on #78ThStreet WB from 4th Avenue to 3rd Avenue
1/29/2020 0:11,511NYMidHudson,Incident on #I684 NB at Exit 6A - NY 22 to NY 138 - Goldens Bridge (Northbound Exit Ramp)
1/29/2020 0:10,511NYC,Closure on #4ThAvenue Both directions from 77th street to 79th Street
1/29/2020 0:09,511NYC,Updated: Incident on #AllBus at Port Authority Bus Terminal
1/29/2020 0:08,511NYC,Incident on #AllBus at Port Authority Bus Terminal
1/29/2020 0:06,511NYMidHudson,Incident on #BronxRiverParkway NB at Exit 11E - Cross County Parkway
1/29/2020 0:03,511NYC,Updated: Incident on #I495 EB from Exit 19 - Woodhaven Boulevard / Queens Boulevard to Exit 24 -
1/29/2020 0:03,511NYC,Construction on #BabylonBranch EB from Long Island City Station to Babylon Station
1/29/2020 0:02,511NYC,Incident on #1Line at 96th Street Station
1/29/2020 0:02,511ny123,Incident on #1Line at 96th Street Station
1/29/2020 0:01,511nyAlbany,Construction on #I787 NB at Exit 7E; NY 378 eastbound
1/29/2020 0:01,511nyAlbany,Construction on #NY85 Both directions from Exit to State Office Campus to Western Ave
1/28/2020 23:57,511NY,Cleared: Construction on #320Bus Both directions from Mill Creek to North Bergen Park &amp; Ride-New York
1/28/2020 23:57,511NYC,Incident on #3Line from 96th Street Station to 72nd Street Station
1/28/2020 23:57,511NYC,Incident on #LincolnTunnel EB at Mid-Tunnel - South Tube
1/28/2020 23:57,511ny123,Incident on #2Line SB from 96th Street Station to 72nd Street Station
1/28/2020 23:54,511NYC,Incident on #5Line at 14th Street-Union Square Station
1/28/2020 23:54,511NYC,Incident on #4Line SB at 14th Street-Union Square Station
1/28/2020 23:54,511ny456,Incident on #5Line at 14th Street-Union Square Station
1/28/2020 23:54,511ny456,Incident on #4Line SB at 14th Street-Union Square Station
1/28/2020 23:47,511NYC,Incident on #5Line at Bleecker Street Station
1/28/2020 23:47,511NYC,Incident on #4Line SB at Bleecker Street Station
1/28/2020 23:47,511NYC,Incident on #RonkonkomaBranch EB from New York Penn Station to Hicksville Station
1/28/2020 23:46,511NYC,Incident on #B41Bus Both directions from Flatbush Avenue: Parkside Avenue to Flatbush Avenue: Nostrand Avenue
1/28/2020 23:45,511nyLongIsland,Construction on #PortWashingtonBranch WB from Great Neck Station to New York Penn Station
1/28/2020 23:43,511NYMidHudson,Incident on #TaconicStateParkway SB at Exit - NY 203
1/28/2020 23:43,511NY,Incident on #TaconicStateParkway SB at Exit - NY 203
1/28/2020 23:41,511nyRochester,Incident on #I90NYSThruway WB from Before Exit 44 (I-90) - Canandaigua (Rte 332) to Exit 44 (I-90) -
1/28/2020 23:39,511NYC,Incident on #M103Bus at Lexington Av and 112 St
1/28/2020 23:39,511NYC,Incident on #M102Bus at Lexington Av and 112 St
1/28/2020 23:39,511nyLongIsland,Incident on #NorthernStateParkway EB at Exit 36A - NY 135
1/28/2020 23:39,511NYC,Incident on #M101Bus at Lexington Av and 112 St
1/28/2020 23:39,511NYC,Updated: Incident on #I278 WB from Vanderbilt Avenue to Exit 26 - Hamilton Avenue
1/28/2020 23:37,511NYC,Updated: Incident on #I278 EB from 38 Street to Exit 28B - Brooklyn Bridge
1/28/2020 23:31,511NYC,Special Event on #MadisonSquareGarden at the Arena
1/28/2020 23:30,511nyLongIsland,Updated: Incident on #MeadowbrookStateParkway SB at Exit M1 - Old Country Road
1/28/2020 23:28,511NYMidHudson,Incident on #NY9A NB at Ashford Avenue; CR 134
1/28/2020 23:25,511nyBDFV,Incident on #DLine at 125th Street Station
1/28/2020 23:25,511nyACE,Incident on #ALine NB at 125th Street Station
1/28/2020 23:25,511NYC,Incident on #DLine at 125th Street Station
1/28/2020 23:25,511NYC,Incident on #ALine NB at 125th Street Station
1/28/2020 23:23,511nyBDFV,Incident on #BLine NB from 59th Street-Columbus Circle Station to 125th Street Station
1/28/2020 23:23,511nyACE,Incident on #CLine from 59th Street-Columbus Circle Station to 125th Street Station
1/28/2020 23:23,511NYC,Incident on #BLine NB from 59th Street-Columbus Circle Station to 125th Street Station
1/28/2020 23:21,511NY,Cleared: Incident on #NJ24 EB at Exit 2 - CR 510/Columbia Turnpike
1/28/2020 23:18,511NYMidHudson,Incident on #NY17 EB at Exit 126 - NY 94
1/28/2020 23:17,511NYMidHudson,Incident on #HutchinsonRiverParkwayWestchester SB at Exit 27 - NY 120
1/28/2020 23:17,511NYMidHudson,Incident on #I87NYSThruway SB from Before Exit 14 (I-87) - Spring Valley (Rte 59) to Exit 13 (I-87) -
1/28/2020 23:13,511nyAlbany,Updated: Incident on #NY67 at Grandma Moses Rd
1/28/2020 23:11,511nyAdirondack,Updated: Incident on #NY67 at Grandma Moses Rd
1/28/2020 23:11,511NYMidHudson,Incident on #I84 WB at Exit 5 (I-84) - Maybrook (NY 208)
1/28/2020 23:11,511nyCNY,Incident on #I90NYSThruway WB from Before Exit 39 (I-90) - State Fair (I-690) to Exit 39 (I-90) - State Fair (I-690)
1/28/2020 23:10,511nyAdirondack,Incident on #NY67 at Grandma Moses Rd
1/28/2020 23:09,511NYMidHudson,Incident on #I84 WB at Exit 13 (I-84) - Poughkeepsie - Peekskill (US 9)
1/28/2020 23:03,511nyAlbany,Incident on #I90 EB at Exit 11E; US 9 north; US 20 east
1/28/2020 23:02,511nyCNY,Incident on #I81 NB at Exit 29N - NY 481; North Syracuse; Oswego
1/28/2020 23:02,511NYC,Updated: Incident on #BeltSystemSouthernParkway WB from 150th Street; Ramp to START ROUTE Belt System -
1/28/2020 23:00,511NYC,Updated: Incident on #BLine NB from Kings Highway Station to Prospect Park Station
1/28/2020 23:00,511nyBDFV,Updated: Incident on #BLine NB from Kings Highway Station to Prospect Park Station
1/28/2020 22:59,511NYMidHudson,Incident on #NY55 WB at Taconic State Parkway; Ramp
1/28/2020 22:58,511NYC,Updated: Incident on #I87MajorDeeganExpressway NB from START ROUTE I-87; I-278 Bruckner Expressway; Exit 47
1/28/2020 22:57,511NYC,Incident on #I87MajorDeeganExpressway NB at Exit 8 - West 179th Street
1/28/2020 22:51,511NYC,Incident on #BLine NB at Newkirk Avenue Station
1/28/2020 22:50,511NYMidHudson,Incident on #I95NewEnglandThruway SB from Before Connecticut State Line (I-95) to Exit 21 (I-95) - White Plains
1/28/2020 22:50,511NYC,Construction on #PortWashingtonBranch EB from New York Penn Station to Great Neck Station
1/28/2020 22:49,511NY,Cleared: Incident on #NJ35 NB at CR 10/West Front St
1/28/2020 22:49,511NY,Updated: Incident on #I280 WB from East of Exit 16E - Essex St to Exit 14W - Clifton Av
1/28/2020 22:49,511NY,Cleared: Incident on #I495 EB at Exit 35 - Shelter Rock Road; East Bound
1/28/2020 22:49,511NY,Updated: Incident on #I678 SB from Jackie Robinson Parkway to Exit 4 - Liberty Avenue
1/28/2020 22:49,511NYC,Updated: Incident on #I678 SB from Jackie Robinson Parkway to Exit 4 - Liberty Avenue
1/28/2020 22:48,511NYC,Updated: Incident on #I678 NB from Foch Boulevard; Ramp to Exit 8 - Main Street
1/28/2020 22:48,511NYC,Updated: Incident on #B4Bus from Bay Ridge Parkway : 20th Street to Bay Ridge Parkway : 18th Avenue
1/28/2020 22:48,511NY,Updated: Incident on #GrandCentralParkway EB from Exit 11 - Jewel Avenue; Ramp to Exit 13 - I-678 - Van
1/28/2020 22:48,511NY,Cleared: Incident on #I84W WB at 0.25 miles before Exit 48 (SPRING ST)
1/28/2020 22:47,511NY,Cleared: Incident on #SagtikosStateParkway SB at Exit S3 - Pine Aire Drive
1/28/2020 22:46,511NY,Cleared: Construction on #BabylonBranch EB at Atlantic Terminal
1/28/2020 22:45,511NY,Updated: Incident on #S15N NB at Exit 41 (RTE 33)
1/28/2020 22:45,511NY,Updated: Incident on #NY440 SB from South Avenue to Veterans Road West; Victory Boulevard
1/28/2020 22:45,511NY,Incident on #I76 WB at Walt Whitman Bridge
1/28/2020 22:45,511NY,Incident on #I78 EB at New Jersey Turnpike Toll Plaza
1/28/2020 22:45,511NYC,Updated: Incident on #NY440 SB from South Avenue to Veterans Road West; Victory Boulevard
1/28/2020 22:44,511NY,Updated: Incident on #I76 EB from Walt Whitman Bridge to Exit 1A - NJ 42/I-295
1/28/2020 22:44,511NYC,Construction on #BabylonBranch EB at Atlantic Terminal
1/28/2020 22:44,511NY,Incident on #US19 SB from US 1&amp;9 Truck Route/Pulaski Skyway to I-78
1/28/2020 22:44,511NY,Updated: Incident on #I278 WB from Morgan Avenue to Exit 26 - Hamilton Avenue
1/28/2020 22:44,511NYC,Updated: Incident on #I278 EB from Exit 24 - NY 27; Prospect Expressway Exit to Atlantic Avenue
1/28/2020 22:44,511NY,Incident on #NewJerseyTurnpike at Interchange 13 - I-278/Goethals Bridge
1/28/2020 22:44,511NYC,Updated: Incident on #I278 WB from Morgan Avenue to Exit 26 - Hamilton Avenue
1/28/2020 22:44,511NY,Construction on #BabylonBranch EB at Atlantic Terminal
1/28/2020 22:44,511NYC,Updated: Incident on #I278 WB from Hylan Boulevard Exit; Ramp to Woolley Avenue
1/28/2020 22:43,511NY,Updated: Incident on #I676 SB at I-76
1/28/2020 22:43,511NY,Updated: Incident on #NJ35 NB at CR 10/West Front St
1/28/2020 22:41,511NY,Updated: Incident on #NJ55 NB at NJ 42
1/28/2020 22:41,511NY,Updated: Incident on #NJ42 SB at Exit 10B - CR 681/Lower Landing Rd
1/28/2020 22:41,511NY,Updated: Incident on #NewJerseyTurnpikeWesternSpur SB from North of Interchange 15W - I-280 to South
1/28/2020 22:41,511NY,Updated: Incident on #NJ70 EB from CR 644/Grove St/Haddonfield Rd to Cropwell Rd
1/28/2020 22:40,511NY,Incident on #I280 EB from Exit 8 - CR 577 to Exit 11 - Freeway Drive East/West
1/28/2020 22:40,511NY,Cleared: Incident on #I81 NB at Exit 29N - NY 481; North Syracuse; Oswego
1/28/2020 22:38,511NY,Cleared: Incident on #I84 WB at Exit 5 (I-84) - Maybrook (NY 208)
1/28/2020 22:38,511NY,Cleared: Incident on #SprainBrookStateParkway SB at Central Park Avenue; NY 100
1/28/2020 22:38,511NY,Updated: Incident on #I295 SB from North of Exit 36 - NJ 73 to Exit 26S - NJ 42/I-76/I-676
1/28/2020 22:37,511NY,Incident on #MeadowbrookStateParkway SB at Exit M1 - Old Country Road
1/28/2020 22:37,511NY,Incident on #US30 EB at US 130/Collingswood Circle
1/28/2020 22:37,511NYC,Construction on #BabylonBranch EB from New York Penn Station to Jamaica Station
1/28/2020 22:37,511nyLongIsland,Incident on #MeadowbrookStateParkway SB at Exit M1 - Old Country Road
1/28/2020 22:37,511NYC,Incident on #6Line NB from Parkchester-E 177th Street Station to Pelham Bay Park Station
1/28/2020 22:37,511NY,Construction on #BabylonBranch EB from New York Penn Station to Jamaica Station
1/28/2020 22:37,511NY,Incident on #6Line NB from Parkchester-E 177th Street Station to Pelham Bay Park Station
1/28/2020 22:36,511NY,Construction on #BabylonBranch WB from Babylon Station to New York Penn Station
1/28/2020 22:36,511NY,Incident on #I95N NB at 0.16 miles beyond Exit 6 (HARVARD AVE)
1/28/2020 22:36,511nyLongIsland,Construction on #BabylonBranch WB from Babylon Station to New York Penn Station
1/28/2020 22:35,511nyWNY,Incident on #I190NiagaraThruway NB from After Exit N8 (I-190) - Niagra St to Exit N9 (I-190) - Peace Bridge - Canada
1/28/2020 22:35,511NY,Cleared: Construction on #611Bus at Trenton
1/28/2020 22:35,511NY,Incident on #I190NiagaraThruway NB from After Exit N8 (I-190) - Niagra St to Exit N9 (I-190) - Peace Bridge - Canada
1/28/2020 22:35,511NY,Incident on #NJ3 EB from New Jersey Turnpike - Eastern Spur to NJ 495
1/28/2020 22:35,511NY,Updated: Incident on #PulaskiSkyway NB at Tonnelle Circle
1/28/2020 22:35,511NY,Incident on #NJ70 WB at CR 48/Riverview Dr
1/28/2020 22:34,511NY,Construction on #PortJeffersonBranch EB from New York Penn Station to Cold Spring Harbor Station
1/28/2020 22:34,511NYC,Construction on #PortJeffersonBranch EB from New York Penn Station to Cold Spring Harbor Station
1/28/2020 22:33,511NY,Construction on #FarRockawayBranch EB from New York Penn Station to Far Rockaway Station
1/28/2020 22:33,511NY,Incident on #S9S SB at 1.50 miles before Exit 16 (RTE 17&amp; RTE 66)
1/28/2020 22:33,511NY,Incident on #NJ17 SB from NJ 4 to Central Ave
1/28/2020 22:33,511NYC,Construction on #FarRockawayBranch EB from New York Penn Station to Far Rockaway Station
1/28/2020 22:33,511NY,Incident on #I91S SB at 0.20 miles before Exit 34 (RTE 159)
1/28/2020 22:32,511NY,Updated: Incident on #I495 EB from Exit 17E - I-278 to Exit 24 - Kissena Boulevard / 164th Street
1/28/2020 22:32,511NY,Incident on #NJ4 WB from New Jersey Turnpike/I-95/George Washington Bridge to NJ 93/Grand Ave
1/28/2020 22:32,511NYC,Updated: Incident on #I495 EB from Exit 17E - I-278 to Exit 24 - Kissena Boulevard / 164th Street
1/28/2020 22:31,511NY,Updated: Incident on #GrandCentralParkway EB from Exit 6 - LaGuardia Airport Terminal B and 94th Street
1/28/2020 22:31,511NY,Updated: Incident on #NJ4 EB from River Rd to Belle Ave
1/28/2020 22:31,511NYC,Updated: Incident on #GrandCentralParkway EB from Exit 6 - LaGuardia Airport Terminal B and 94th Street
1/28/2020 22:31,511NYMidHudson,Incident on #I84 WB at Exit 5 (I-84) - Maybrook (NY 208)
1/28/2020 22:31,511NY,Incident on #I84 WB at Exit 5 (I-84) - Maybrook (NY 208)
1/28/2020 22:30,511NY,Updated: Incident on #NJ4 WB from East of River Rd to NJ 17
1/28/2020 22:30,511NY,Incident on #TaconicStateParkway NB at ROUTE 217; Ramp
1/28/2020 22:30,511NY,Updated: Incident on #LincolnTunnel EB at from New Jersey.
1/28/2020 22:30,511NY,Incident on #I95 NB from START ROUTE I-95; George Washington Bridge to 3rd Avenue; Exit 3
1/28/2020 22:30,511NYMidHudson,Incident on #TaconicStateParkway NB at ROUTE 217; Ramp
1/28/2020 22:30,511NYC,Incident on #I95 NB from START ROUTE I-95; George Washington Bridge to 3rd Avenue; Exit 3
1/28/2020 22:30,511NYC,Updated: Incident on #LincolnTunnel EB at from New Jersey.
1/28/2020 22:30,511NY,Cleared: Incident on #ELine Both directions from Jamaica Center-Parsons/Archer Station to Briarwood-Van Wyck Boulevard Station
1/28/2020 22:29,511NY,Updated: Incident on #US30 EB at Airport Circle/US 130/NJ 38
1/28/2020 22:29,511NY,Updated: Incident on #NJ208 Both directions from North of Fair Lawn Av to Lincoln Av
1/28/2020 22:29,511nyAlbany,Incident on #I87Northway NB at Exit 9; NY 146
1/28/2020 22:29,511NY,Updated: Incident on #NJ17 SB from South of Ridgewood Ave to Passaic St
1/28/2020 22:29,511NY,Incident on #I87Northway NB at Exit 9; NY 146
1/28/2020 22:28,511NY,Updated: Incident on #I80 WB from West of Exit 62 - Garden State Parkway to Exit 58 - Madison Ave
1/28/2020 22:27,511NY,Updated: Incident on #NJ21 NB from Exit 13 - Ackerman Av to Exit 14 - US 46
1/28/2020 22:27,511NY,Cleared: Incident on #I87Northway SB at Exit 18
1/28/2020 22:27,511NY,Incident on #I91S SB at Exit 19 (BALDWIN AVE)
1/28/2020 22:26,511NY,Updated: Incident on #US46 EB from CR 640/Riverview Dr to CR 621/Valley Rd
1/28/2020 22:26,511NY,Updated: Incident on #US202 NB from CR 670/Alps Rd to NJ 23
1/28/2020 22:26,511NY,Incident on #NJ35 SB at CR 520/Broad St/Newman Springs Rd
1/28/2020 22:25,511NY,Cleared: Incident on #6Line NB at 14th Street-Union Square Station
1/28/2020 22:24,511NY,Incident on #SagtikosStateParkway SB at Exit S3 - Pine Aire Drive
1/28/2020 22:24,511NY,Cleared: Incident on #NJ24 WB at Exit 7 - NJ 124/JFK Parkway
1/28/2020 22:24,511nyLongIsland,Incident on #SagtikosStateParkway SB at Exit S3 - Pine Aire Drive
1/28/2020 22:24,511NY,Updated: Incident on #NJ24 WB from West of Exit 2 - CR 510/Columbia Turnpike to I-287
1/28/2020 22:24,511NY,Updated: Incident on #I84E EB at Exit 3 (US 7 SB)
1/28/2020 22:23,511NY,Incident on #US30 EB at CR 608/Baird Blvd
1/28/2020 22:23,511NY,Incident on #NJ35 SB at North of CR 524/Atlantic Ave
1/28/2020 22:23,511NY,Incident on #I287 SB from North of Exit 14 - US 22 to South of Exit 13 - NJ 28
1/28/2020 22:23,511NY,Updated: Incident on #GardenStateParkway SB from South of Exit 135 - Central Ave to Exit 130B-A - US 1
1/28/2020 22:22,511NYC,Incident on #I87MajorDeeganExpressway SB from West 231st Street; Ramp to Exit 7N-7S 7N &amp; - I-95-Cross
1/28/2020 22:22,511NY,Updated: Incident on #HenryHudsonParkway NB at Exit - West 129th Street; Ramp
1/28/2020 22:22,511NY,Incident on #I87MajorDeeganExpressway SB from West 231st Street; Ramp to Exit 7N-7S 7N &amp; - I-95-Cross
1/28/2020 22:22,511NY,Construction on #NJ45 NB at South of CR 668/Swedesboro-Harrisonville Rd
1/28/2020 22:22,511NYC,Updated: Incident on #HenryHudsonParkway NB at Exit - West 129th Street; Ramp
1/28/2020 22:22,511NY,Cleared: Incident on #US30 EB at CR 608/Baird Blvd
1/28/2020 22:22,511NY,Cleared: Construction on #BronxRiverAvenue SB from East 177th Street to East 174th Street
1/28/2020 22:21,511NY,Updated: Incident on #I287 SB from North of Exit 6 - CR 665/Washington Ave to Exit 3 - New Durham Rd
1/28/2020 22:20,511NY,Updated: Incident on #US206 SB at CR 546/Franklin Corner Rd
1/28/2020 22:20,511NY,Updated: Incident on #US1 NB from Woodbridge Av to Old Post Rd-North
1/28/2020 22:20,511NY,Updated: Incident on #I295 SB at Exit 68 - CR 583/Princeton Pike
1/28/2020 22:20,511NY,Updated: Incident on #US9NJ35 SB from Victory Circle to Raritan St
1/28/2020 22:20,511NY,Updated: Incident on #NJ73 Both directions at CR 616/Church Rd
1/28/2020 22:20,511NY,Incident on #I295 NB at Exit 26N - I-76/I-676
1/28/2020 22:19,511NY,Updated: Incident on #NJ18 SB from George St to CR 527/Old Bridge Tpke/Edgeboro Rd
1/28/2020 22:19,511NY,Updated: Incident on #US9 Both directions at CR 528/Central Ave
1/28/2020 22:19,511NY,Updated: Incident on #NJ129 SB at CR 650/Lalor St
1/28/2020 22:19,511NY,Updated: Incident on #NJ29 SB at Thunder Rd/Cass St
1/28/2020 22:19,511NY,Updated: Incident on #US1 Both directions from Meadow Rd to Washington Rd
1/28/2020 22:19,511NY,Cleared: Incident on #I295 SB at Exit 30 - Warwick Rd
1/28/2020 22:18,511NY,Cleared: Incident on #1Line Both directions at 242nd Street-Van Cortlandt Park Station
1/28/2020 22:18,511NY,Updated: Incident on #NJ18 SB from NJ 172/George St to CR 527/Old Bridge Tpke/Edgeboro Rd
1/28/2020 22:18,511NY,Cleared: Incident on #S72W WB at Exit 2 (RTE 372)
1/28/2020 22:18,511NY,Incident on #I76 WB at Exit 1B - I-295
1/28/2020 22:17,511NY,Cleared: Incident on #I295 NB at North of Exit 26S - NJ 42/I-76/I-676
1/28/2020 22:16,511NY,Cleared: Incident on #Q43Bus at Hillside Avenue : 231st Street
1/28/2020 22:15,511NY,Updated: Incident on #S15N NB at Exit 42 (RTE 57)
1/28/2020 22:15,511NY,Incident on #I84E EB at 0.25 miles before Exit 4 (US 6 &amp; 202)
1/28/2020 22:14,511NY,Cleared: Incident on #SprainBrookStateParkway SB at Tuckahoe Road; CR 59
1/28/2020 22:14,511NY,Updated: Incident on #I295 SB at Exit 30 - Warwick Rd
1/28/2020 22:13,511NY,Updated: Incident on #I295 NB at North of Exit 26S - NJ 42/I-76/I-676
1/28/2020 22:13,511NY,Cleared: Incident on #I280 EB at East of Exit 10 - Northfield Ave/CR 508
1/28/2020 22:12,511NY,Updated: Construction on #US19TruckRoute Both directions from NJ 440 to US 1&amp;9/Pulaski Skyway
1/28/2020 22:12,511NY,Incident on #I295 NB at North of Exit 26S - NJ 42/I-76/I-676
1/28/2020 22:11,511nyRochester,Incident on #I490 WB at Penfield Road; CR 269
1/28/2020 22:11,511NY,Cleared: Incident on #NY29 at Jockey St
1/28/2020 22:11,511NY,Cleared: Incident on #US202 SB at Barley Sheaf Rd/River Rd
1/28/2020 22:11,511NY,Incident on #I490 WB at Penfield Road; CR 269
1/28/2020 22:09,511NY,Updated: Incident on #NJ73 SB at CR 544/Evesham Rd/Marlton Pkwy
1/28/2020 22:09,511NY,Cleared: Incident on #165PBus at Billington Road:Belle Avenue
1/28/2020 22:09,511NY,Updated: Incident on #NJ70 EB at N. Elmwood Rd
1/28/2020 22:09,511NY,Cleared: Incident on #DLine BothDir/BothDir
1/28/2020 22:08,511NY,Cleared: Incident on #RLine from 59th Street Station to Atlantic Avenue-Barclays Center Station
1/28/2020 22:08,511NY,Cleared: Incident on #I90NYSThruway EB from After Exit 24 (I-90) - Albany (I-87 Northway - I-90 East) to Exit 24 (I-90) - Albany (I-87...
1/28/2020 22:08,511NY,Updated: Incident on #NJ70 WB at West of I-295
1/28/2020 22:08,511NY,Cleared: Incident on #I87NYSThruway NB from Before Exit 17 (I-87) - Newburgh (I-84 - Rte 17K) to Exit 17 (I-87) - Newburgh (I-84 - Rte 17K)
1/28/2020 22:08,511NY,Updated: Incident on #I676 SB at I-76
1/28/2020 22:08,511NY,Cleared: Incident on #HutchinsonRiverParkwayWestchester NB at Exit 21 - Hutchinson Avenue
1/28/2020 22:08,511NY,Updated: Incident on #US130 SB at I-76
1/28/2020 22:08,511NY,Cleared: Incident on #I95NewEnglandThruway NB from After Exit 22 (I-95) - Port Chester -Midland Ave to Exit 22 (I-95) - Port Chester...
1/28/2020 22:08,511NY,Updated: Incident on #NJ47 SB at NJ 41/Hurfville Rd
1/28/2020 22:08,511nyCNY,Incident on #I81 NB at Exit 29N - NY 481; North Syracuse; Oswego
1/28/2020 22:08,511NYMidHudson,Incident on #TaconicStateParkway SB at Exit 35 - Miller Hill Rd.
1/28/2020 22:08,511NY,Cleared: Incident on #GeorgeWashingtonBridge WB at New York Side/Upper Level
1/28/2020 22:08,511NY,Incident on #TaconicStateParkway SB at Exit 35 - Miller Hill Rd.
1/28/2020 22:08,511NY,Incident on #I81 NB at Exit 29N - NY 481; North Syracuse; Oswego
1/28/2020 22:07,511NYC,Construction on #PortJeffersonBranch EB at New York Penn Station
1/28/2020 22:07,511nyLongIsland,Incident on #I495 EB at Exit 35 - Shelter Rock Road; East Bound
1/28/2020 22:07,511NYC,Construction on #BronxRiverAvenue SB from East 177th Street to East 174th Street
1/28/2020 22:07,511NY,Construction on #PortJeffersonBranch EB at New York Penn Station
1/28/2020 22:07,511NY,Cleared: Incident on #CorridorLine at Metropark/Iselin Station
1/28/2020 22:07,511NY,Construction on #BronxRiverAvenue SB from East 177th Street to East 174th Street
1/28/2020 22:07,511NY,Incident on #I495 EB at Exit 35 - Shelter Rock Road; East Bound
1/28/2020 22:07,511NY,Cleared: Incident on #GeorgeWashingtonBridge WB at New York Side/Lower Level
1/28/2020 22:07,511NY,Cleared: Incident on #NortheastLine at Metropark/Iselin Station
1/28/2020 22:07,511NY,Cleared: Incident on #13MBus at Irvington Bus Terminal
1/28/2020 22:06,511NY,Incident on #US206 SB at CR 546/Franklin Corner Rd
1/28/2020 22:06,511NY,Incident on #NJ70 EB from CR 644/Grove St/Haddonfield Rd to Cropwell Rd
1/28/2020 22:05,511NY,Incident on #62Bus at Newark Penn Station
1/28/2020 22:05,511NY,Incident on #I295 SB at Exit 30 - Warwick Rd
1/28/2020 22:05,511NY,Incident on #US9 SB at Century Hill Dr
1/28/2020 22:05,511nyAlbany,Incident on #US9 SB at Century Hill Dr
1/28/2020 22:03,511NY,Incident on #NJ55 NB at NJ 42
1/28/2020 22:03,511NY,Incident on #S72W WB at Exit 2 (RTE 372)
1/28/2020 22:03,511NY,Incident on #I295 SB at Exit 68 - CR 583/Princeton Pike
1/28/2020 22:03,511NY,Incident on #NJ42 SB at Exit 10B - CR 681/Lower Landing Rd
1/28/2020 22:03,511NY,Incident on #LincolnTunnel EB at from New Jersey.
1/28/2020 22:03,511NYC,Incident on #LincolnTunnel EB at from New Jersey.
1/28/2020 22:03,511NY,Cleared: Incident on #S72W WB at 0.10 miles before Exit 1 (RTE 177)
1/28/2020 22:03,511NY,Cleared: Construction on #I87NYSThruway NB from Before Exit 23 (I-87) - Albany Downtown (I-787 - Rte 9W) to Before Exit 23 (I-87) -...
1/28/2020 22:03,511NY,Cleared: Construction on #NY32 Both directions from Degarmo Road to Mennon Road
1/28/2020 22:03,511NY,Cleared: Incident on #NY454 WB at Windsor Place; Ramp
1/28/2020 22:03,511NY,Cleared: Incident on #RAMPROUTE198ETOROUTE33E EB
1/28/2020 22:01,511NY,Updated: Construction on #US1 NB at Old Post Rd-North
1/28/2020 22:01,511NY,Cleared: Construction on #NY100B EB from Westchester View Lane to Sprain Brook State Parkway
1/28/2020 22:01,511NY,Updated: Construction on #US9 Both directions from Vischer Ferry Road to NY 67
1/28/2020 22:01,511NY,Cleared: Construction on #US9 Both directions from Vischer Ferry Road to NY 67
1/28/2020 22:01,511NY,Updated: Construction on #NY146A Both directions from Vischer Ferry Road; CR 90; NY 146 to NY 50
1/28/2020 22:01,511NY,Cleared: Construction on #I787 SB from Exit 5; I-90 to Exit 4A southbound; Colonie Street
1/28/2020 22:01,511NY,Updated: Construction on #US1 NB at Old Post Rd
1/28/2020 22:01,511NY,Cleared: Construction on #NY98 SB from Genesee and Wyoming County Line to Prospect St.
1/28/2020 22:01,511NY,Updated: Construction on #I787 SB from Exit 5; I-90 to Exit 4A southbound; Colonie Street
1/28/2020 22:01,511NY,Cleared: Incident on #NY9A NB at Bedford Road; NY 117
1/28/2020 22:01,511NY,Updated: Construction on #US4 Both directions from NY 146 to NY 32; Bemis Heights
1/28/2020 22:01,511NY,Cleared: Construction on #NJ71 Both directions from North of NJ 33/Corlies Av to South of Roseld Av
1/28/2020 22:01,511NY,Updated: Construction on #NJ71 Both directions from North of NJ 33/Corlies Av to South of Roseld Av
1/28/2020 22:01,511NY,Cleared: Construction on #NY392 Both directions at Town of Dryden; Town of Virgil Line; Tompkins-Cortland County Line
1/28/2020 22:01,511NY,Cleared: Construction on #NJ33Business Both directions from Cardigan Bay Rd to Kondrup Way
1/28/2020 22:01,511NY,Cleared: Construction on #NY146A Both directions from Vischer Ferry Road; CR 90; NY 146 to NY 50
1/28/2020 22:01,511NY,Cleared: Construction on #US4 Both directions from NY 146 to NY 32; Bemis Heights
1/28/2020 22:01,511NY,Incident on #SprainBrookStateParkway SB at Tuckahoe Road; CR 59
1/28/2020 22:00,511NY,Incident on #I87MajorDeeganExpressway NB from START ROUTE I-87; I-278 Bruckner Expressway; Exit 47 - I-87
1/28/2020 22:00,511NY,Incident on #HutchinsonRiverParkwayWestchester NB at Exit 21 - Hutchinson Avenue
1/28/2020 21:58,511NY,Incident on #GardenStateParkway NB from South of Exit 143C - NJ 124 to Exit 145 - I-280
1/28/2020 21:58,511NY,Incident on #SprainBrookStateParkway SB at Central Park Avenue; NY 100
1/28/2020 21:58,511NY,Incident on #NY9A NB at Bedford Road; NY 117
1/28/2020 21:57,511NY,Updated: Incident on #I295 SB from Exit 36 - NJ 73 to Exit 26S - NJ 42/I-76/I-676
1/28/2020 21:57,511NY,Incident on #S2E EB at 0.15 miles beyond Exit 5 (WILLOW ST)
1/28/2020 21:56,511NY,Updated: Incident on #I287 NB from Exit 9 - CR 622/River Rd to Exit 12 - CR 623
1/28/2020 21:56,511NY,Updated: Incident on #NJ208 NB from Fair Lawn Av to Lincoln Av
1/28/2020 21:55,511NY,Updated: Incident on #NJ4 WB from River Rd to NJ 17
1/28/2020 21:55,511NY,Updated: Incident on #I287 NB from Exit 37 - NJ 24 to Exit 41 - I-80
1/28/2020 21:55,511NY,Updated: Incident on #NY440 SB from South Avenue to Veterans Road West; Victory Boulevard
1/28/2020 21:54,511NY,Updated: Incident on #US30 EB at CR 608/Baird Blvd
1/28/2020 21:54,511NY,Updated: Incident on #NJ21 Both directions from Emmet St to I-280
1/28/2020 21:54,511NY,Updated: Incident on #I280 WB from Exit 16E - Essex St to Exit 14W - Clifton Av
1/28/2020 21:54,511NY,Updated: Incident on #NJ21 NB at Exit 14 - US 46
1/28/2020 21:54,511NY,Updated: Incident on #NJ3 WB from Garden State Parkway to US 46
1/28/2020 21:54,511NY,Incident on #NY7 WB at I-87 Exit 6
1/28/2020 21:53,511NY,Updated: Incident on #I278 WB from Hylan Boulevard Exit; Ramp to Woolley Avenue
1/28/2020 21:53,511NY,Incident on #I87Northway SB at Exit 18
1/28/2020 21:53,511NY,Incident on #S72W WB at 0.10 miles before Exit 1 (RTE 177)
1/28/2020 21:53,511NY,Incident on #I280 EB at East of Exit 10 - Northfield Ave/CR 508
1/28/2020 21:52,511NY,Updated: Incident on #I278 EB from Exit 24 - NY 27; Prospect Expressway Exit to Atlantic Avenue
1/28/2020 21:52,511NY,Updated: Construction on #US19TruckRoute Both directions from South of NJ 440 to US 1&amp;9/Pulaski Skyway
1/28/2020 21:51,511NY,Cleared: Incident on #GardenStateParkway NB from Union Toll Plaza to South of Exit 143 - NJ 124
1/28/2020 21:51,511NY,Cleared: Incident on #I95 SB at Amsterdam Avenue
1/28/2020 21:51,511NY,Construction on #US19TruckRoute SB from South of NJ 440 to US 1&amp;9/Pulaski Skyway
1/28/2020 21:51,511NY,Cleared: Incident on #I95 SB at START ROUTE I-95; George Washington Bridge
1/28/2020 21:51,511NY,Updated: Incident on #NJ3 WB from Meadowlands Parkway to NJ 21
1/28/2020 21:51,511NY,Updated: Incident on #I278 WB from Metropolitan Avenue; Williamsburg Bridge to Exit 26 - Hamilton Avenue
1/28/2020 21:50,511NY,Cleared: Incident on #NY27 WB at START ROUTE NY 27; I-278 - Gowanus Expy; 3rd Avenue
1/28/2020 21:50,511NY,Cleared: Incident on #406Bus from Philadelphia to Berlin
1/28/2020 21:50,511NY,Cleared: Incident on #I481 NB at Exit 4 - I-690
1/28/2020 21:50,511NY,Cleared: Incident on #TaconicStateParkway NB at Exit 17B - Bear Mountain State Parkway
1/28/2020 21:50,511NY,Incident on #US30 EB at CR 608/Baird Blvd
1/28/2020 21:48,511NY,Incident on #I84E EB at 0.10 miles beyond Exit 18 (CHASE PARKWAY)
1/28/2020 21:48,511NY,Incident on #NJ73 Both directions at CR 616/Church Rd
1/28/2020 21:48,511NY,Updated: Incident on #GardenStateParkway SB from South of Exit 149 - CR 506 to Exit 145 - I-280
1/28/2020 21:47,511NY,Cleared: Incident on #NJ70 Both directions at West of Garden State Parkway
1/28/2020 21:47,511NY,Incident on #NY27 WB at START ROUTE NY 27; I-278 - Gowanus Expy; 3rd Avenue
1/28/2020 21:47,511NY,Incident on #NY29 at Jockey St
1/28/2020 21:46,511NY,Updated: Incident on #B4Bus from Bay Ridge Parkway : 20th Street to Bay Ridge Parkway : 18th Avenue
1/28/2020 21:46,511ny123,Incident on #1Line Both directions at 242nd Street-Van Cortlandt Park Station
1/28/2020 21:45,511NY,Incident on #PulaskiSkyway NB at Tonnelle Circle
1/28/2020 21:45,511NY,Updated: Incident on #I80 WB from East of Exit 39 - NJ 53 to Exit 37 - CR 513/Hibernia Ave
1/28/2020 21:44,511NY,Cleared: Incident on #5Line from 42nd Street-Grand Central Station to 125th Street Station
1/28/2020 21:44,511NY,Updated: Incident on #NJ24 WB at Exit 7 - NJ 124/JFK Parkway
1/28/2020 21:44,511NY,Cleared: Incident on #4Line NB from 42nd Street-Grand Central Station to 125th Street Station
1/28/2020 21:44,511NY,Updated: Incident on #NY454 WB at Windsor Place; Ramp
1/28/2020 21:44,511NY,Cleared: Construction on #NJ73 SB from New Jersey Turnpike to CR 616/Church Rd
1/28/2020 21:44,511NY,Updated: Incident on #I287 SB from Exit 6 - CR 665/Washington Ave to Exit 3 - New Durham Rd
1/28/2020 21:43,511NY,Incident on #US1 NB at Old Post Rd
1/28/2020 21:43,511NY,Incident on #GardenStateParkway SB from South of Colonia Service Area to South of Exit 130B-A - US 1
1/28/2020 21:43,511NY,Incident on #NewJerseyTurnpikeWesternSpur SB from North of Interchange 15W - I-280 to South of Interchange 15E
1/28/2020 21:43,511NY,Updated: Incident on #I76 EB from Exit 2 - I-676 to Exit 1A - NJ 42/I-295
1/28/2020 21:42,511NY,Incident on #I84W WB at 0.25 miles before Exit 48 (SPRING ST)
1/28/2020 21:42,511NY,Incident on #I91S SB at Exit 29A (WHITE HEAD HWY)
1/28/2020 21:42,511NY,Incident on #US1 Both directions from Meadow Rd to Washington Rd
1/28/2020 21:42,511NYC,Updated: Incident on #B11Bus from 49th Street : 6th Avenue to 49th Street : 7th Avenue
1/28/2020 21:42,511NY,Incident on #NJ70 EB at N. Elmwood Rd
1/28/2020 21:40,511NY,Updated: Construction on #MorrisParkAvenue Both directions from East Tremont Avenue to Van Buren Street
1/28/2020 21:39,511NY,Construction on #MorrisParkAvenue Both directions from East Tremont Avenue to Van Buren Street
1/28/2020 21:39,511NY,Incident on #TaconicStateParkway NB at Exit 17B - Bear Mountain State Parkway
1/28/2020 21:38,511NY,Updated: Construction on #BronxRiverParkway Both directions from Cross Bronx Expressway; East 177th Street
1/28/2020 21:38,511NY,Incident on #I90NYSThruway EB from After Exit 24 (I-90) - Albany (I-87 Northway - I-90 East) to Exit 24 (I-90)
1/28/2020 21:38,511NY,Incident on #NJ73 SB at CR 544/Evesham Rd/Marlton Pkwy
1/28/2020 21:38,511NY,Cleared: Incident on #NY100 NB at Goldens Bridge Road; NY 138
1/28/2020 21:37,511NY,Updated: Incident on #NJ3 WB from Meadowlands Sports Complex to NJ 21
1/28/2020 21:37,511NY,Updated: Incident on #NJ17 NB from I-80 to Passaic St
1/28/2020 21:37,511NY,Cleared: Incident on #ELine Queens bound at Queens Plaza Station
1/28/2020 21:37,511NY,Incident on #NJ70 WB at West of I-295
1/28/2020 21:36,511NY,Updated: Incident on #NJ139Lower WB from Jersey Ave to Tonnelle Avenue
1/28/2020 21:36,511NY,Updated: Incident on #I80 WB from Exit 61 - CR 507/River Rd to Exit 58 - Madison Ave
1/28/2020 21:36,511NY,Updated: Incident on #I295 SB from Exit 32 - CR 561/Haddonfield Berlin Rd to Exit 26S - NJ 42/I-76/I-676
1/28/2020 21:36,511NY,Updated: Incident on #NJ440 NB from New Jersey Turnpike/I-287 to US 9/Garden State Parkway
1/28/2020 21:36,511NY,Construction on #BronxRiverParkway Both directions from Cross Bronx Expressway; East 177th Street to Exit 6
1/28/2020 21:35,511NY,Incident on #RFKTriboroughBridge WB at Manhattan Bound
1/28/2020 21:35,511NY,Incident on #US9NJ35 SB from Victory Circle to Raritan St
1/28/2020 21:35,511NY,Updated: Incident on #NJ18 SB from NJ 27 to CR 527/Old Bridge Tpke/Edgeboro Rd
1/28/2020 21:35,511NY,Incident on #RAMPROUTE198ETOROUTE33E EB at 0.08 miles before Route 33 East
1/28/2020 21:34,511NY,Incident on #5Line from 42nd Street-Grand Central Station to 125th Street Station
1/28/2020 21:34,511NY,Incident on #US202 NB from CR 670/Alps Rd to NJ 23
1/28/2020 21:34,511NY,Incident on #4Line NB from 42nd Street-Grand Central Station to 125th Street Station
1/28/2020 21:34,511NY,Incident on #HenryHudsonParkway NB at Exit - West 129th Street; Ramp
1/28/2020 21:34,511NY,Updated: Incident on #I280 EB from Exit 12 - Garden State Parkway to Exit 15 - NJ 21
1/28/2020 21:34,511NY,Updated: Incident on #I287 SB from Exit 8 - Possumtown Rd to Exit 3 - New Durham Rd
1/28/2020 21:34,511ny456,Incident on #5Line from 42nd Street-Grand Central Station to 125th Street Station
1/28/2020 21:34,511ny456,Incident on #4Line NB from 42nd Street-Grand Central Station to 125th Street Station
1/28/2020 21:33,511NY,Updated: Incident on #NJ17 SB from Ridgewood Ave to Passaic St
1/28/2020 21:33,511NY,Incident on #I84W WB at Exit 22 (UNION ST)
1/28/2020 21:33,511NY,Cleared: Incident on #US40 EB at CR 614/Cologne Av
1/28/2020 21:33,511NY,Closure on #NewtownStreet from Manhattan Avenue to Graham Avenue
1/28/2020 21:32,511NY,Updated: Incident on #NJ24 EB from I-287 to East of Exit 2 - CR 510/Columbia Turnpike
1/28/2020 21:31,511NY,Special Event on #BrooklynBatteryTunnel SB at Brooklyn Bound
1/28/2020 21:31,511NY,Incident on #GardenStateParkway SB from South of Exit 143 - NJ 124 to Exit 140 - US 22/NJ 82
1/28/2020 21:31,511NY,Updated: Incident on #NJ24 EB from Exit 8 - Summit Ave/NJ 124 to I-78
1/28/2020 21:31,511NY,Updated: Incident on #NJ24 WB from Exit 2 - CR 510/Columbia Turnpike to I-287
1/28/2020 21:31,511NY,Cleared: Incident on #Route33 EB
1/28/2020 21:30,511NY,Cleared: Construction on #US1 NB at Old Post Rd-North
1/28/2020 21:30,511NY,Cleared: Construction on #NewJerseyTurnpike SB at Interchange 5 - CR 541
1/28/2020 21:30,511NY,Incident on #BeltSystemSouthernParkway EB from 150th Street; Ramp to Exit 22 - NY 27 - Sunrise Highway; Ramp
1/28/2020 21:30,511NY,Incident on #I287 NB from Exit 9 - CR 622/River Rd to Exit 12 - CR 623
1/28/2020 21:29,511NY,Incident on #6Line NB at 14th Street-Union Square Station
1/28/2020 21:29,511NY,Incident on #NJ208 NB from Fair Lawn Av to Lincoln Av
1/28/2020 21:29,511NY,Incident on #US130 SB at I-76
1/28/2020 21:29,511nyLongIsland,Updated: Incident on #NY454 WB from Windsor Place; Ramp to East Suffolk Avenue; CR 100
1/28/2020 21:29,511NYC,Incident on #6Line NB at 14th Street-Union Square Station
1/28/2020 21:28,511NY,Incident on #BeltSystemSouthernParkway WB from 150th Street; Ramp to START ROUTE Belt System - Southern Parkway;..
1/28/2020 21:28,511NY,Incident on #I481 NB at Exit 4 - I-690
1/28/2020 21:28,511NYC,Incident on #BeltSystemSouthernParkway WB from 150th Street; Ramp to START ROUTE Belt System - Southern Parkway;..
1/28/2020 21:28,511nyCNY,Incident on #I481 NB at Exit 4 - I-690
1/28/2020 21:28,511NY,Updated: Incident on #US46 EB from CR 640/Riverview Dr to NJ 3
1/28/2020 21:27,511NY,Incident on #I287 NB from Exit 37 - NJ 24 to Exit 41 - I-80
1/28/2020 21:26,511NY,Closure on #SenatorStreet from 13th Anue to 12th Avenue
1/28/2020 21:26,511NYC,Updated: Incident on #ELine Both directions from Jamaica Center-Parsons/Archer Station to Briarwood-Van
1/28/2020 21:26,511NYC,Closure on #SenatorStreet from 13th Anue to 12th Avenue
1/28/2020 21:26,511NY,Updated: Incident on #ELine Both directions from Jamaica Center-Parsons/Archer Station to Briarwood-Van
1/28/2020 21:26,511NY,Cleared: Incident on #MeadowbrookStateParkway SB from Exit M6E - Southern State Parkway to Exit M7W - Babylon Turnpike
1/28/2020 21:26,511NY,Incident on #Route33 EB at 0.08 miles beyond Route 198
1/28/2020 21:25,511NY,Cleared: Incident on #NJ35 SB at North of CR 524/Atlantic Ave
1/28/2020 21:25,511NY,Updated: Incident on #I278 EB from RFK Bridge; Bronx Leg to Bronx River Parkway
1/28/2020 21:25,511NY,Cleared: Incident on #I495 EB from Exit 19 - Woodhaven Boulevard / Queens Boulevard to Exit 27 - Clearview Expwy I-295 / Throgs Neck Bridge
1/28/2020 21:25,511NYC,Updated: Incident on #I278 EB from RFK Bridge; Bronx Leg to Bronx River Parkway
1/28/2020 21:24,511NY,Updated: Incident on #I278 EB from Queens-Kings County Line; Koskuisko Bridge to NY 25; Queens Boulevard
1/28/2020 21:24,511NY,Updated: Incident on #I295 SB from Exit 30 - Warwick Rd to Exit 26S - NJ 42/I-76/I-676
1/28/2020 21:24,511NY,Incident on #NY454 WB from Windsor Place; Ramp to East Suffolk Avenue; CR 100
1/28/2020 21:24,511NY,Updated: Incident on #US1 Both directions at Harrison St
1/28/2020 21:24,511NYC,Updated: Incident on #I278 EB from Queens-Kings County Line; Koskuisko Bridge to NY 25; Queens Boulevard
1/28/2020 21:24,511NY,Incident on #NJ47 SB at NJ 41/Hurfville Rd
1/28/2020 21:24,511NY,Incident on #I678 SB from Jackie Robinson Parkway to Exit 4 - Liberty Avenue
1/28/2020 21:24,511NYC,Incident on #I678 SB from Jackie Robinson Parkway to Exit 4 - Liberty Avenue
1/28/2020 21:24,511nyLongIsland,Incident on #NY454 WB from Windsor Place; Ramp to East Suffolk Avenue; CR 100
1/28/2020 21:22,511NY,Incident on #I676 SB at I-76
1/28/2020 21:21,511NY,Cleared: Incident on #SprainBrookStateParkway SB at Exit - Grasslands Road; NY 100C
1/28/2020 21:21,511NY,Updated: Incident on #I495 EB from Exit 17E - I-278 to Exit 31 - Cross Island Parkway
1/28/2020 21:21,511NY,Cleared: Incident on #SprainBrookStateParkway NB at Bradhurst Avenue; Ramp
1/28/2020 21:19,511NY,Cleared: Incident on #161UBus at Port Authority Bus Station
1/28/2020 21:18,511NY,Construction on #RiverStreet from Grand Street to North 1st Street
1/28/2020 21:18,511NYC,Construction on #RiverStreet from Grand Street to North 1st Street
1/28/2020 21:18,511NY,Incident on #ELine Manhattan bound from Briarwood-Van Wyck Boulevard Station to Jamaica-Van Wyck Station
1/28/2020 21:18,511NY,Cleared: Construction on #US40 WB at CR 575/Rangleboro Rd
1/28/2020 21:18,511NY,Cleared: Construction on #NY390 SB at I-490 WB
1/28/2020 21:17,511NY,Cleared: Construction on #BentleyAvenue WB from Bergen Avenue to John F Kennedy Boulevard
1/28/2020 21:17,511NY,Cleared: Construction on #NJ45 NB from North of NJ 49 to South of CR 540/Pointer's Auburn Rd
1/28/2020 21:17,511NY,Cleared: Construction on #I490 WB from I-390 to Howard Road; 940L; Howard Road
1/28/2020 21:16,511NY,Cleared: Construction on #PortJersey
1/28/2020 21:15,511NY,Updated: Incident on #NJ4 EB from River Rd to Teaneck Rd
1/28/2020 21:15,511NY,Incident on #US1 SB at Harrison St
1/28/2020 21:14,511NYC,Incident on #NY440 SB from South Avenue to Veterans Road West; Victory Boulevard
1/28/2020 21:14,511nyLongIsland,Updated: Incident on #MeadowbrookStateParkway SB from Exit M6E - Southern State Parkway to Exit M7W -
1/28/2020 21:13,511NYC,Incident on #GrandCentralParkway EB from 82nd Street to Northern Boulevard; NY 25A
1/28/2020 21:11,511NYC,Incident on #RLine from 59th Street Station to Atlantic Avenue-Barclays Center Station
1/28/2020 21:11,511NYC,Closure on #42NdStreet from 13th Avenue to 12th Avenue
1/28/2020 21:09,511NYC,Closure on #42NdStreet from 13th Avenue to 12th Avenue
1/28/2020 21:08,511NYC,Updated: Incident on #GrandCentralParkway EB from Exit 11 - Jewel Avenue; Ramp to Exit 13 - I-678 - Van
1/28/2020 21:05,511NYC,Updated: Incident on #I495 EB from Exit 17E - I-278 to Exit 31 - Cross Island Parkway
1/28/2020 21:04,511NYMidHudson,Updated: Incident on #SprainBrookStateParkway SB at Exit - Grasslands Road; NY 100C
1/28/2020 21:04,511NYC,Updated: Incident on #QueensBus
1/28/2020 21:04,511NYC,Updated: Incident on #VariousBus Both directions
1/28/2020 21:03,511NYC,Incident on #QueensBus
1/28/2020 21:03,511NYC,Incident on #VariousBus Both directions
1/28/2020 21:02,511NY,Cleared: Construction on #I295 NB from Exit 73 - Scotch Rd to Delaware River/Scudder Falls Bridge
1/28/2020 21:01,511NYC,Updated: Incident on #I278 EB from Exit 24 - NY 27; Prospect Expressway Exit to 60th Street
1/28/2020 21:01,511nyAlbany,Updated: Construction on #NY32 SB from McCarty Ave to Albany County Rail Trail
1/28/2020 21:01,511NYC,Construction on #42NdStreetShuttle Both directions at 42nd Street-Grand Central Station
1/28/2020 21:00,511NYC,Construction on #WashingtonStreet from Sparing Street to West Houston Street
1/28/2020 21:00,511NYC,Incident on #I278 WB from Hylan Boulevard Exit; Ramp to Woolley Avenue
1/28/2020 20:56,511nyLongIsland,Incident on #MeadowbrookStateParkway SB from Exit M6E - Southern State Parkway to Exit M7W - Babylon Turnpike
1/28/2020 20:55,511nyACE,Construction on #ELine Manhattan bound from 23rd Street Station to Spring Street Station
1/28/2020 20:55,511NYC,Construction on #ELine Manhattan bound from 23rd Street Station to Spring Street Station
1/28/2020 20:55,511NYC,Incident on #I95 SB at Amsterdam Avenue
1/28/2020 20:54,511NYC,Construction on #West26ThStreet from 8th Avenue to 7th Avenue
1/28/2020 20:52,511NYMidHudson,Incident on #SawMillRiverParkway SB at Exit 26 - Taconic State Parkway
1/28/2020 20:51,511NYC,Closure on #East54ThStreet from Madison Avenue to Park Avenue
1/28/2020 20:49,511NYC,Updated: Closure on #West54ThStreet from 5th Avenue to 6th Avenue
1/28/2020 20:48,511NYMidHudson,Incident on #SprainBrookStateParkway NB at Bradhurst Avenue; Ramp
1/28/2020 20:47,511NYC,Closure on #East54ThStreet from 5th Avenue to 6th Avenue
1/28/2020 20:47,511NYMidHudson,Incident on #SprainBrookStateParkway NB at Bradhurst Avenue; Ramp
1/28/2020 20:44,511nyACE,Construction on #CLine SB from 50th Street Station to Spring Street Station
1/28/2020 20:44,511NYC,Incident on #I278 EB from 38 Street to Atlantic Avenue
1/28/2020 20:44,511NYC,Construction on #CLine SB from 50th Street Station to Spring Street Station
1/28/2020 20:42,511NYC,Updated: Incident on #I278 WB from Metropolitan Avenue; Williamsburg Bridge to Atlantic Avenue
1/28/2020 20:41,511NYC,Construction on #PortWashingtonBranch EB from New York Penn Station to Great Neck Station
1/28/2020 20:40,511nyACE,Construction on #ALine SB from 50th Street Station to Spring Street Station
1/28/2020 20:37,511NYC,Construction on #7Line Both directions from 34th Street-Hudson Yards Station to Queensboro Plaza Station
1/28/2020 20:37,511ny7,Construction on #7Line Both directions from 34th Street-Hudson Yards Station to Queensboro Plaza Station
1/28/2020 20:36,511NYC,Incident on #ELine Queens bound at Queens Plaza Station
1/28/2020 20:31,511NYMidHudson,Updated: Construction on #SawMillRiverParkway SB from Exit 34 - South Croton Avenue to Exit 33 - Roaring Brook Road
1/28/2020 20:31,511NYMidHudson,Updated: Construction on #NY127 Both directions from East Boston Post Road; US 1; START ROUTE NY 127
1/28/2020 20:31,511NYMidHudson,Updated: Construction on #SawMillRiverParkway SB from Exit 37 - Kisco Avenue to Exit 36 - Croton Avenue
1/28/2020 20:31,511nyAlbany,Incident on #I87Northway NB at Exit 6; NY 2; NY 7
1/28/2020 20:29,511NYC,Incident on #I278 EB at Atlantic Avenue
1/28/2020 20:28,511NYC,Incident on #SelectBus at Jamaica Center
1/28/2020 20:28,511NYC,Incident on #LocalBus at Jamaica Center
1/28/2020 20:28,511NYC,Incident on #QueensBus at Jamaica Center
1/28/2020 20:28,511NYC,Incident on #VariousBus Both directions at Jamaica Center
1/28/2020 20:27,511NYC,Incident on #QueensBus at Downtown Flushing
1/28/2020 20:27,511NYC,Incident on #QueensBus at Downtown Flushing
1/28/2020 20:27,511NYC,Incident on #VariousBus Both directions at Downtown Flushing
1/28/2020 20:26,511nyLongIsland,Incident on #MeadowbrookStateParkway SB at Exit M6W - Southern State Parkway
1/28/2020 20:24,511nyRochester,Construction on #I490 WB at Howard Road; 940L; Howard Road
1/28/2020 20:23,511NYC,Incident on #ExpressBus at Gowanus Expressway between the Belt Parkway and the Brooklyn-Queens Expressway
1/28/2020 20:23,511NYC,Incident on #BrooklynBus at Gowanus Expressway between the Belt Parkway and the Brooklyn-Queens Expressway
1/28/2020 20:23,511NYC,Incident on #VariousBus at Gowanus Expressway between the Belt Parkway and the Brooklyn-Queens Expressway
1/28/2020 20:23,511NYC,Incident on #I278 EB from RFK Bridge; Bronx Leg to Bronx River Parkway
1/28/2020 20:21,511nyG,Incident on #GLine at Fulton Street Station
1/28/2020 20:16,511NYC,Updated: Incident on #I95 SB from Bronx River Parkway to START ROUTE I-95; George Washington Bridge
1/28/2020 20:15,511NYC,Incident on #I678 NB at 20th Avenue
1/28/2020 20:14,511NYMidHudson,Incident on #SawMillRiverParkway NB at Exit 5 - Yonkers Avenue NB side
1/28/2020 20:14,511NYMidHudson,Incident on #SprainBrookStateParkway SB at Exit - Grasslands Road; NY 100C
1/28/2020 20:12,511NYMidHudson,Incident on #HutchinsonRiverParkwayWestchester NB at Exit 21 - Hutchinson Avenue
1/28/2020 20:11,511nyAlbany,Incident on #I87Northway NB at Exit 8A; CR 91; Grooms Road
1/28/2020 20:11,511nyWNY,Incident on #Route219 SB at 1.04 miles beyond Ridge Road
1/28/2020 20:04,511NYMidHudson,Incident on #NY312 EB at Exit - I-84
1/28/2020 20:02,511NYC,Updated: Incident on #I495 EB from Exit 17E - I-278 to Exit 22A - Grand Central Parkwy
1/28/2020 20:01,511NY,Updated: Construction on #BeltSystemCrossIslandParkway Both directions from Francis Lewis Boulevard to 150th Street
1/28/2020 20:01,511NYC,Updated: Construction on #BeltSystemCrossIslandParkway Both directions from Francis Lewis Boulevard to 150th Street
1/28/2020 20:01,511NYC,Updated: Construction on #East65ThStreet at 5th Avenue
1/28/2020 20:01,511NYC,Updated: Construction on #BronxRiverParkway SB from East 174th Street to Cross Bronx Expressway; East 177th Street
1/28/2020 20:01,511nyCNY,Updated: Construction on #WestStreetArterial NB at Shonnard Street Extension
1/28/2020 20:01,511NYC,Updated: Construction on #MorrisParkAvenue Both directions from East Tremont Avenue to Van Buren Street
1/28/2020 20:01,511NY,Cleared: Construction on #BeltSystemShoreParkway EB at 65th Street
1/28/2020 20:01,511nyCNY,Updated: Construction on #I690 EB at I-481
1/28/2020 20:01,511NYMidHudson,Updated: Construction on #BronxRiverParkway SB at Exit 23 - Old Tarrytown Road; Cemetery Road
1/28/2020 20:01,511NYC,Updated: Construction on #BronxRiverParkway Both directions from Cross Bronx Expressway; East 177th Street
1/28/2020 19:58,511NY,Cleared: Closure on #JeffersonStreet Both directions from Main Street to Johnson Avenue
1/28/2020 19:58,511NY,Cleared: Construction on #BergenAvenue Both directions at Bentley Avenue
1/28/2020 19:58,511NY,Cleared: Construction on #7Line Queens bound from 82nd Street-Jackson Hts Station to 111th Street Station
1/28/2020 19:57,511NY,Incident on #I91S SB at Exit 33 (JENNINGS RD)
1/28/2020 19:57,511NY,Cleared: Construction on #JackieRobinsonParkway WB from Exit 3 - Cypress Hills Street; Ramp to Exit 4 - Forest Park Drive
1/28/2020 19:56,511NY,Updated: Construction on #NJ29 NB from Old River Rd to US 202
1/28/2020 19:56,511NY,Updated: Construction on #HudsonTerrace NB from Bruce Reynolds Boulevard to Merkle Street
1/28/2020 19:55,511NY,Cleared: Incident on #DanburyBranch from South Norwalk Station to Danbury Station
1/28/2020 19:55,511NY,Cleared: Incident on #FarRockawayBranch EB from Atlantic Terminal to Far Rockaway Station
1/28/2020 19:54,511NY,Cleared: Construction on #B52Bus WB at Gates Avenue : Marcy Avenue
1/28/2020 19:54,511NY,Incident on #NJ4 EB from Garden State Parkway to Hackensack Av
1/28/2020 19:53,511NY,Updated: Incident on #I678 NB from Linden Boulevard to Exit 8 - Main Street
1/28/2020 19:53,511NY,Updated: Incident on #I278 EB from Metropolitan Avenue; Williamsburg Bridge to Exit 35 - I-495 Long
1/28/2020 19:53,511NY,Updated: Incident on #I495 EB from Exit 19 - Woodhaven Boulevard / Queens Boulevard to Exit 27 - Clearview
1/28/2020 19:53,511NY,Updated: Incident on #GardenStateParkway NB at Exit 145 - I-280
1/28/2020 19:53,511NYC,Updated: Incident on #I678 NB from Linden Boulevard to Exit 8 - Main Street
1/28/2020 19:53,511NYC,Updated: Incident on #I278 EB from Metropolitan Avenue; Williamsburg Bridge to Exit 35 - I-495 Long
1/28/2020 19:53,511NYC,Updated: Incident on #I495 EB from Exit 19 - Woodhaven Boulevard / Queens Boulevard to Exit 27 - Clearview
1/28/2020 19:53,511ny456,Incident on #6Line SB at Longwood Avenue Station
1/28/2020 19:53,511NY,Cleared: Construction on #4Line NB from 183rd Street Station to Bedford Park Boulevard-Lehman College Station
1/28/2020 19:53,511NY,Incident on #6Line SB at Longwood Avenue Station
1/28/2020 19:53,511NYC,Incident on #6Line SB at Longwood Avenue Station
1/28/2020 19:52,511NY,Updated: Incident on #GrandCentralParkway EB from Exit 12 - Route 25 Queens Boulevard to Exit 13 - I-678 -
1/28/2020 19:52,511NY,Cleared: Construction on #MidHudsonBridge EB
1/28/2020 19:51,511NYC,Construction on #6Line Both directions at 125th Street Station
1/28/2020 19:51,511ny456,Construction on #6Line Both directions at 125th Street Station
1/28/2020 19:51,511NY,Construction on #6Line Both directions at 125th Street Station
1/28/2020 19:51,511NY,Cleared: Incident on #I278 WB from Exit 15 - Lily Pond Avenue to Hylan Boulevard Exit; Ramp
1/28/2020 19:50,511NYMidHudson,Incident on #I684 NB at Exit 4 - NY 172 - Mount Kisco - Bedford
1/28/2020 19:50,511NY,Incident on #I684 NB at Exit 4 - NY 172 - Mount Kisco - Bedford
1/28/2020 19:49,511NY,Incident on #NJ24 WB from East of Exit 1 - CR 511/Whippany Rd to I-287
1/28/2020 19:49,511NY,Incident on #NY100 NB at Goldens Bridge Road; NY 138
1/28/2020 19:48,511NY,Cleared: Incident on #SouthernStateParkway EB at Exit 22S - Meadowbrook State Parkway
1/28/2020 19:48,511NY,Cleared: Construction on #I91S SB at Exit 24 (RTE 99)
1/28/2020 19:48,511NY,Cleared: Construction on #I84W WB at Exit 51 (I-91NB)
1/28/2020 19:48,511NY,Incident on #I84W WB at 0.29 miles before Exit 51 (I-91NB)
1/28/2020 19:48,511NY,Construction on #I84E EB at Exit 46 (WEST BOULEVARD)
1/28/2020 19:47,511NY,Incident on #US9 Both directions at CR 528/Central Ave
1/28/2020 19:47,511NY,Incident on #NJ35 SB at North of CR 524/Atlantic Ave
1/28/2020 19:47,511NYC,Updated: Incident on #I95 SB from Rosedale Avenue; Ramp to START ROUTE I-95; George Washington Bridge
1/28/2020 19:47,511NY,Updated: Incident on #I95 SB from Rosedale Avenue; Ramp to START ROUTE I-95; George Washington Bridge
1/28/2020 19:47,511NY,Cleared: Construction on #I684 SB from Exit 3 S/N - NY 22 - Bedford - Armonk to Exit 2 - NY 120 - Westchester County Airport
1/28/2020 19:47,511NY,Cleared: Incident on #ALine NB from Canal Street Station to 59th Street-Columbus Cir Station
1/28/2020 19:46,511NY,Construction on #6Line SB from 42nd Street-Grand Central Station to Brooklyn Bridge-City Hall Station
1/28/2020 19:46,511NY,Incident on #NJ21 Both directions from Emmet St to I-280
1/28/2020 19:46,511NY,Cleared: Incident on #US1 NB from Alexander Rd to Washington Rd
1/28/2020 19:46,511NYC,Construction on #6Line SB from 42nd Street-Grand Central Station to Brooklyn Bridge-City Hall Station
1/28/2020 19:46,511NY,Cleared: Construction on #NewburghBeaconBridge WB from Dutchess County Side to Orange County Side
1/28/2020 19:45,511NY,Incident on #US1 NB at Olden Ave
1/28/2020 19:45,511NY,Cleared: Construction on #S15S SB at Exit 50 (RTE 127)
1/28/2020 19:45,511NY,Incident on #NJ17 NB from I-80 to Passaic St
1/28/2020 19:45,511NY,Cleared: Construction on #S2W WB at 0.25 miles beyond Exit 5A (HIGH ST)
1/28/2020 19:43,511NYC,Construction on #6Line SB from Longwood Avenue Station to Brook Avenue Station
1/28/2020 19:43,511ny456,Construction on #6Line SB from Longwood Avenue Station to Brook Avenue Station
1/28/2020 19:43,511NY,Updated: Incident on #US130 SB at South of NJ 133
1/28/2020 19:43,511NY,Construction on #6Line SB from Longwood Avenue Station to Brook Avenue Station
1/28/2020 19:42,511NY,Cleared: Construction on #I84W WB at Exit 33 (RTE 72 NB)
1/28/2020 19:41,511NY,Cleared: Incident on #I490 WB at South Main Street; NY 36
1/28/2020 19:40,511NY,Updated: Incident on #FarRockawayBranch EB from Atlantic Terminal to Far Rockaway Station
1/28/2020 19:40,511NY,Updated: Incident on #B11Bus from 49th Street : 6th Avenue to 49th Street : 7th Avenue
1/28/2020 19:40,511ny456,Construction on #4Line SB from 42nd Street-Grand Central Station to Brooklyn Bridge-City Hall Station
1/28/2020 19:38,511NYC,Construction on #4Line NB from 42nd Street-Grand Central Station to 125th Street Station
1/28/2020 19:38,511NY,Cleared: Incident on #5Line SB at 138th Street-Grand Concourse Station
